{
  "statistic" : {
    "failed" : 14,
    "broken" : 1,
    "skipped" : 0,
    "passed" : 0,
    "unknown" : 0,
    "total" : 15
  },
  "time" : {
    "minDuration" : 4295,
    "maxDuration" : 50203,
    "sumDuration" : 272744,
    "start" : 1591879021369,
    "stop" : 1591881969700,
    "duration" : 2948331
  },
  "children" : [ {
    "uid" : "6e4065e2122b9b84",
    "name" : "Product defects",
    "time" : {
      "minDuration" : 4295,
      "maxDuration" : 50203,
      "sumDuration" : 268391,
      "start" : 1591879021369,
      "stop" : 1591881969700,
      "duration" : 2948331
    },
    "statistic" : {
      "failed" : 14,
      "broken" : 0,
      "skipped" : 0,
      "passed" : 0,
      "unknown" : 0,
      "total" : 14
    },
    "type" : "TestGroupNode",
    "children" : [ {
      "uid" : "15f4c296c49b2e57",
      "name" : "The following asserts failed:\n\tthis is to verify status code of grace period update expected [204] but found [500],\n\texpected [204] but found [500],\n\tthis is to verify status code of grace period update expected [204] but found [500]",
      "time" : {
        "minDuration" : 32822,
        "maxDuration" : 50203,
        "sumDuration" : 119473,
        "start" : 1591881790251,
        "stop" : 1591881941849,
        "duration" : 151598
      },
      "statistic" : {
        "failed" : 3,
        "broken" : 0,
        "skipped" : 0,
        "passed" : 0,
        "unknown" : 0,
        "total" : 3
      },
      "type" : "TestGroupNode",
      "children" : [ {
        "uid" : "f209e3853752a121",
        "name" : "gracedays",
        "time" : {
          "start" : 1591881790251,
          "stop" : 1591881826699,
          "duration" : 36448
        },
        "status" : "failed",
        "flaky" : false,
        "type" : "TestCaseNode"
      }, {
        "uid" : "717b970752359c68",
        "name" : "gracedaysToZero",
        "time" : {
          "start" : 1591881826832,
          "stop" : 1591881859654,
          "duration" : 32822
        },
        "status" : "failed",
        "flaky" : false,
        "type" : "TestCaseNode"
      }, {
        "uid" : "501142afedf9ec70",
        "name" : "periodEndDateGraceDayschanges",
        "time" : {
          "start" : 1591881891646,
          "stop" : 1591881941849,
          "duration" : 50203
        },
        "status" : "failed",
        "flaky" : false,
        "type" : "TestCaseNode"
      } ]
    }, {
      "uid" : "47d73aaeb237c28a",
      "name" : "The following asserts failed:\n\tthis is the status code for termloanResponse expected [200] but found [404]",
      "time" : {
        "minDuration" : 5290,
        "maxDuration" : 6978,
        "sumDuration" : 12268,
        "start" : 1591881957168,
        "stop" : 1591881969700,
        "duration" : 12532
      },
      "statistic" : {
        "failed" : 2,
        "broken" : 0,
        "skipped" : 0,
        "passed" : 0,
        "unknown" : 0,
        "total" : 2
      },
      "type" : "TestGroupNode",
      "children" : [ {
        "uid" : "66a5890e7fa226b9",
        "name" : "autoAllocationPeriod",
        "time" : {
          "start" : 1591881964410,
          "stop" : 1591881969700,
          "duration" : 5290
        },
        "status" : "failed",
        "flaky" : false,
        "type" : "TestCaseNode"
      }, {
        "uid" : "125ccd6874323632",
        "name" : "autoAllocationForManualFee",
        "time" : {
          "start" : 1591881957168,
          "stop" : 1591881964146,
          "duration" : 6978
        },
        "status" : "failed",
        "flaky" : false,
        "type" : "TestCaseNode"
      } ]
    }, {
      "uid" : "500091aee5abddc1",
      "name" : "The following asserts failed:\n\tget termloan API statusCode expected [200] but found [404]",
      "time" : {
        "minDuration" : 4299,
        "maxDuration" : 4299,
        "sumDuration" : 4299,
        "start" : 1591879021369,
        "stop" : 1591879025668,
        "duration" : 4299
      },
      "statistic" : {
        "failed" : 1,
        "broken" : 0,
        "skipped" : 0,
        "passed" : 0,
        "unknown" : 0,
        "total" : 1
      },
      "type" : "TestGroupNode",
      "children" : [ {
        "uid" : "613c58aabcbff2d7",
        "name" : "termLoanGetRequest",
        "time" : {
          "start" : 1591879021369,
          "stop" : 1591879025668,
          "duration" : 4299
        },
        "status" : "failed",
        "flaky" : false,
        "type" : "TestCaseNode"
      } ]
    }, {
      "uid" : "95b6efbc4aa7e1fa",
      "name" : "The following asserts failed:\n\tthis is to verify status code of grace period update expected [400] but found [500]",
      "time" : {
        "minDuration" : 21941,
        "maxDuration" : 23898,
        "sumDuration" : 45839,
        "start" : 1591881739408,
        "stop" : 1591881790026,
        "duration" : 50618
      },
      "statistic" : {
        "failed" : 2,
        "broken" : 0,
        "skipped" : 0,
        "passed" : 0,
        "unknown" : 0,
        "total" : 2
      },
      "type" : "TestGroupNode",
      "children" : [ {
        "uid" : "a081fbf2ba628e57",
        "name" : "gracePeriodEndDate",
        "time" : {
          "start" : 1591881739408,
          "stop" : 1591881763306,
          "duration" : 23898
        },
        "status" : "failed",
        "flaky" : false,
        "type" : "TestCaseNode"
      }, {
        "uid" : "36c55363a5b09126",
        "name" : "gracePeriodPaymentdueDate",
        "time" : {
          "start" : 1591881768085,
          "stop" : 1591881790026,
          "duration" : 21941
        },
        "status" : "failed",
        "flaky" : false,
        "type" : "TestCaseNode"
      } ]
    }, {
      "uid" : "16ae0a0da9371f31",
      "name" : "The following asserts failed:\n\tthis is to verify status code of Term loan setup with Loan Number as Positive Data expected [200] but found [400]",
      "time" : {
        "minDuration" : 4295,
        "maxDuration" : 4962,
        "sumDuration" : 13900,
        "start" : 1591879454177,
        "stop" : 1591879468098,
        "duration" : 13921
      },
      "statistic" : {
        "failed" : 3,
        "broken" : 0,
        "skipped" : 0,
        "passed" : 0,
        "unknown" : 0,
        "total" : 3
      },
      "type" : "TestGroupNode",
      "children" : [ {
        "uid" : "deec2a0b79263a39",
        "name" : "termLoanNumberWithPositiveData",
        "time" : {
          "start" : 1591879459145,
          "stop" : 1591879463440,
          "duration" : 4295
        },
        "status" : "failed",
        "flaky" : false,
        "type" : "TestCaseNode"
      }, {
        "uid" : "c16aea7623540b12",
        "name" : "termLoanNumberWithPositiveData",
        "time" : {
          "start" : 1591879463455,
          "stop" : 1591879468098,
          "duration" : 4643
        },
        "status" : "failed",
        "flaky" : false,
        "type" : "TestCaseNode"
      }, {
        "uid" : "a477d7522fd8d7f4",
        "name" : "termLoanNumberWithPositiveData",
        "time" : {
          "start" : 1591879454177,
          "stop" : 1591879459139,
          "duration" : 4962
        },
        "status" : "failed",
        "flaky" : false,
        "type" : "TestCaseNode"
      } ]
    }, {
      "uid" : "883c0423926334d5",
      "name" : "The following asserts failed:\n\tthis is to verify status code of grace period update expected [204] but found [500]",
      "time" : {
        "minDuration" : 25977,
        "maxDuration" : 25977,
        "sumDuration" : 25977,
        "start" : 1591881713315,
        "stop" : 1591881739292,
        "duration" : 25977
      },
      "statistic" : {
        "failed" : 1,
        "broken" : 0,
        "skipped" : 0,
        "passed" : 0,
        "unknown" : 0,
        "total" : 1
      },
      "type" : "TestGroupNode",
      "children" : [ {
        "uid" : "c68fc893b63300b6",
        "name" : "gracePeriodDate",
        "time" : {
          "start" : 1591881713315,
          "stop" : 1591881739292,
          "duration" : 25977
        },
        "status" : "failed",
        "flaky" : false,
        "type" : "TestCaseNode"
      } ]
    }, {
      "uid" : "85ffbb89fdf2017f",
      "name" : "The following asserts failed:\n\tthis is to verify status code of grace period update expected [204] but found [500],\n\texpected [204] but found [500]",
      "time" : {
        "minDuration" : 31759,
        "maxDuration" : 31759,
        "sumDuration" : 31759,
        "start" : 1591881859753,
        "stop" : 1591881891512,
        "duration" : 31759
      },
      "statistic" : {
        "failed" : 1,
        "broken" : 0,
        "skipped" : 0,
        "passed" : 0,
        "unknown" : 0,
        "total" : 1
      },
      "type" : "TestGroupNode",
      "children" : [ {
        "uid" : "e22d56a527d78bb1",
        "name" : "periodEndDateGraceDays",
        "time" : {
          "start" : 1591881859753,
          "stop" : 1591881891512,
          "duration" : 31759
        },
        "status" : "failed",
        "flaky" : false,
        "type" : "TestCaseNode"
      } ]
    }, {
      "uid" : "352cf79621e27466",
      "name" : "The following asserts failed:\n\tthis is the status code for termloanResponse expected [200] but found [409]",
      "time" : {
        "minDuration" : 14876,
        "maxDuration" : 14876,
        "sumDuration" : 14876,
        "start" : 1591881942129,
        "stop" : 1591881957005,
        "duration" : 14876
      },
      "statistic" : {
        "failed" : 1,
        "broken" : 0,
        "skipped" : 0,
        "passed" : 0,
        "unknown" : 0,
        "total" : 1
      },
      "type" : "TestGroupNode",
      "children" : [ {
        "uid" : "68693457f01ae36d",
        "name" : "auto",
        "time" : {
          "start" : 1591881942129,
          "stop" : 1591881957005,
          "duration" : 14876
        },
        "status" : "failed",
        "flaky" : false,
        "type" : "TestCaseNode"
      } ]
    } ]
  }, {
    "uid" : "5fe6fc16e3771476",
    "name" : "Test defects",
    "time" : {
      "minDuration" : 4353,
      "maxDuration" : 4353,
      "sumDuration" : 4353,
      "start" : 1591881763554,
      "stop" : 1591881767907,
      "duration" : 4353
    },
    "statistic" : {
      "failed" : 0,
      "broken" : 1,
      "skipped" : 0,
      "passed" : 0,
      "unknown" : 0,
      "total" : 1
    },
    "type" : "TestGroupNode",
    "children" : [ {
      "uid" : "b09e4a95c861e2eb",
      "name" : "java.lang.NullPointerException",
      "time" : {
        "minDuration" : 4353,
        "maxDuration" : 4353,
        "sumDuration" : 4353,
        "start" : 1591881763554,
        "stop" : 1591881767907,
        "duration" : 4353
      },
      "statistic" : {
        "failed" : 0,
        "broken" : 1,
        "skipped" : 0,
        "passed" : 0,
        "unknown" : 0,
        "total" : 1
      },
      "type" : "TestGroupNode",
      "children" : [ {
        "uid" : "34539a676e6b9e5",
        "name" : "gracePeriodGreaterThanPeriodEnd",
        "time" : {
          "start" : 1591881763554,
          "stop" : 1591881767907,
          "duration" : 4353
        },
        "status" : "broken",
        "flaky" : false,
        "type" : "TestCaseNode"
      } ]
    } ]
  } ]
}