[ {
  "uid" : "86c5885c18011164",
  "name" : "termLoanNameWithNegativedata",
  "time" : {
    "start" : 1591879898483,
    "stop" : 1591879916295,
    "duration" : 17812
  },
  "status" : "passed",
  "severity" : "blocker"
}, {
  "uid" : "daddf8d8d47b7967",
  "name" : "OnetimeValueNEgative",
  "time" : {
    "start" : 1591879479723,
    "stop" : 1591879491779,
    "duration" : 12056
  },
  "status" : "passed",
  "severity" : "blocker"
}, {
  "uid" : "3753d218deba7f06",
  "name" : "floatingInterestRate",
  "time" : {
    "start" : 1591882317390,
    "stop" : 1591882335453,
    "duration" : 18063
  },
  "status" : "passed",
  "severity" : "blocker"
}, {
  "uid" : "94a5a71fb56baf12",
  "name" : "termLoanInitialDateNegative",
  "time" : {
    "start" : 1591878965399,
    "stop" : 1591878969960,
    "duration" : 4561
  },
  "status" : "passed",
  "severity" : "blocker"
}, {
  "uid" : "d2a87421181daa4a",
  "name" : "oneTimeManualNegative",
  "time" : {
    "start" : 1591879813804,
    "stop" : 1591879825192,
    "duration" : 11388
  },
  "status" : "passed",
  "severity" : "blocker"
}, {
  "uid" : "473721fe1b5ce9b",
  "name" : "termLoanNameWithNegativedata",
  "time" : {
    "start" : 1591880032485,
    "stop" : 1591880046420,
    "duration" : 13935
  },
  "status" : "passed",
  "severity" : "blocker"
}, {
  "uid" : "96899d81dfbefe6a",
  "name" : "termLoanInitialDateNegative",
  "time" : {
    "start" : 1591878890198,
    "stop" : 1591878894677,
    "duration" : 4479
  },
  "status" : "passed",
  "severity" : "blocker"
}, {
  "uid" : "c409ac3dde7de141",
  "name" : "floatingInterestRate",
  "time" : {
    "start" : 1591882300393,
    "stop" : 1591882317376,
    "duration" : 16983
  },
  "status" : "passed",
  "severity" : "blocker"
}, {
  "uid" : "beec3b87902a21bc",
  "name" : "termLoanDisburnsmentNegative",
  "time" : {
    "start" : 1591878717538,
    "stop" : 1591878722198,
    "duration" : 4660
  },
  "status" : "passed",
  "severity" : "blocker"
}, {
  "uid" : "7c9ce801c40ae05d",
  "name" : "termLoanInitialDateNegative",
  "time" : {
    "start" : 1591878857513,
    "stop" : 1591878862221,
    "duration" : 4708
  },
  "status" : "passed",
  "severity" : "blocker"
}, {
  "uid" : "b58b591b41bc110",
  "name" : "termLoanDisburnsmentNegative",
  "time" : {
    "start" : 1591878722201,
    "stop" : 1591878727320,
    "duration" : 5119
  },
  "status" : "passed",
  "severity" : "blocker"
}, {
  "uid" : "83fcc670c9e547af",
  "name" : "termLoanDisburnsmentNegative",
  "time" : {
    "start" : 1591878708567,
    "stop" : 1591878713048,
    "duration" : 4481
  },
  "status" : "passed",
  "severity" : "blocker"
}, {
  "uid" : "1529835090bd6eab",
  "name" : "latefeepenalty",
  "time" : {
    "start" : 1591879552666,
    "stop" : 1591879556990,
    "duration" : 4324
  },
  "status" : "passed",
  "severity" : "blocker"
}, {
  "uid" : "61d33f1e02524560",
  "name" : "termLoanNameWithNegativedata",
  "time" : {
    "start" : 1591880169533,
    "stop" : 1591880184295,
    "duration" : 14762
  },
  "status" : "passed",
  "severity" : "blocker"
}, {
  "uid" : "c2c88e4aba04d333",
  "name" : "chargeTypeValidationForNegative",
  "time" : {
    "start" : 1591878513050,
    "stop" : 1591878517730,
    "duration" : 4680
  },
  "status" : "passed",
  "severity" : "blocker"
}, {
  "uid" : "ae00e710fde8c08e",
  "name" : "termLoanOrignalDateAsNegative",
  "time" : {
    "start" : 1591879216265,
    "stop" : 1591879220928,
    "duration" : 4663
  },
  "status" : "passed",
  "severity" : "blocker"
}, {
  "uid" : "9c696e32a0dd583e",
  "name" : "floatingInterestRate",
  "time" : {
    "start" : 1591882406639,
    "stop" : 1591882425981,
    "duration" : 19342
  },
  "status" : "passed",
  "severity" : "blocker"
}, {
  "uid" : "5f0c535b1fe1cb0c",
  "name" : "termLoanGetRequest",
  "time" : {
    "start" : 1591878996191,
    "stop" : 1591879000287,
    "duration" : 4096
  },
  "status" : "passed",
  "severity" : "blocker"
}, {
  "uid" : "198b4b962455a27f",
  "name" : "termLoanOrignalDateAsNegative",
  "time" : {
    "start" : 1591879075881,
    "stop" : 1591879080334,
    "duration" : 4453
  },
  "status" : "passed",
  "severity" : "blocker"
}, {
  "uid" : "f209e3853752a121",
  "name" : "gracedays",
  "time" : {
    "start" : 1591881790251,
    "stop" : 1591881826699,
    "duration" : 36448
  },
  "status" : "failed",
  "severity" : "blocker"
}, {
  "uid" : "a83892304d3ade4b",
  "name" : "undoFunctionality",
  "time" : {
    "start" : 1591880770235,
    "stop" : 1591880813622,
    "duration" : 43387
  },
  "status" : "passed",
  "severity" : "blocker"
}, {
  "uid" : "904be63d744ae41e",
  "name" : "floatingInterestRate",
  "time" : {
    "start" : 1591882201742,
    "stop" : 1591882261860,
    "duration" : 60118
  },
  "status" : "passed",
  "severity" : "blocker"
}, {
  "uid" : "791e658d9ddc45c6",
  "name" : "undoFunctionality",
  "time" : {
    "start" : 1591881289546,
    "stop" : 1591881327887,
    "duration" : 38341
  },
  "status" : "passed",
  "severity" : "blocker"
}, {
  "uid" : "3cbe1b0f15a9b5ad",
  "name" : "termLoanOrignalDateAsNegative",
  "time" : {
    "start" : 1591879211741,
    "stop" : 1591879216262,
    "duration" : 4521
  },
  "status" : "passed",
  "severity" : "blocker"
}, {
  "uid" : "dc36621e74428491",
  "name" : "latefeepenaltyValue",
  "time" : {
    "start" : 1591879583820,
    "stop" : 1591879588403,
    "duration" : 4583
  },
  "status" : "passed",
  "severity" : "blocker"
}, {
  "uid" : "2fce042dc912fc30",
  "name" : "termLoanInitialDateNegative",
  "time" : {
    "start" : 1591878979475,
    "stop" : 1591878984258,
    "duration" : 4783
  },
  "status" : "passed",
  "severity" : "blocker"
}, {
  "uid" : "9e67b10e456be698",
  "name" : "OnetimeValueNEgative",
  "time" : {
    "start" : 1591879503945,
    "stop" : 1591879516095,
    "duration" : 12150
  },
  "status" : "passed",
  "severity" : "blocker"
}, {
  "uid" : "a42aff69b476772c",
  "name" : "chargeTypeValidationForNegative",
  "time" : {
    "start" : 1591878549479,
    "stop" : 1591878554205,
    "duration" : 4726
  },
  "status" : "passed",
  "severity" : "blocker"
}, {
  "uid" : "8688004d107b36f2",
  "name" : "termLoanDisburnsmentNegative",
  "time" : {
    "start" : 1591878713065,
    "stop" : 1591878717522,
    "duration" : 4457
  },
  "status" : "passed",
  "severity" : "blocker"
}, {
  "uid" : "904670c7690ffd4d",
  "name" : "termLoanOrignalDateAsNegative",
  "time" : {
    "start" : 1591879094989,
    "stop" : 1591879099882,
    "duration" : 4893
  },
  "status" : "passed",
  "severity" : "blocker"
}, {
  "uid" : "a4815ac4bd32bed1",
  "name" : "termLoanNameWithNegativedata",
  "time" : {
    "start" : 1591879974437,
    "stop" : 1591879987826,
    "duration" : 13389
  },
  "status" : "passed",
  "severity" : "blocker"
}, {
  "uid" : "c2904cf4cd85033",
  "name" : "termLoanOrignalDateAsNegative",
  "time" : {
    "start" : 1591879194327,
    "stop" : 1591879198496,
    "duration" : 4169
  },
  "status" : "passed",
  "severity" : "blocker"
}, {
  "uid" : "8ff43de1644ef061",
  "name" : "termLoanEditOperation",
  "time" : {
    "start" : 1591879403926,
    "stop" : 1591879416189,
    "duration" : 12263
  },
  "status" : "passed",
  "severity" : "blocker"
}, {
  "uid" : "4b7f77e81b235c23",
  "name" : "outstandingalance",
  "time" : {
    "start" : 1591882650894,
    "stop" : 1591882657604,
    "duration" : 6710
  },
  "status" : "passed",
  "severity" : "blocker"
}, {
  "uid" : "bd297bd975bf1b32",
  "name" : "termLoanOrignalDateAsNegative",
  "time" : {
    "start" : 1591879104377,
    "stop" : 1591879108835,
    "duration" : 4458
  },
  "status" : "passed",
  "severity" : "blocker"
}, {
  "uid" : "dc85191b88551243",
  "name" : "termLoanGetRequest",
  "time" : {
    "start" : 1591879031229,
    "stop" : 1591879035253,
    "duration" : 4024
  },
  "status" : "passed",
  "severity" : "blocker"
}, {
  "uid" : "36be12d33d7ed7d6",
  "name" : "termLoanGetRequest",
  "time" : {
    "start" : 1591879025671,
    "stop" : 1591879031225,
    "duration" : 5554
  },
  "status" : "passed",
  "severity" : "blocker"
}, {
  "uid" : "14420a8d7db84764",
  "name" : "termLoanOrignalDateAsNegative",
  "time" : {
    "start" : 1591879163330,
    "stop" : 1591879167943,
    "duration" : 4613
  },
  "status" : "passed",
  "severity" : "blocker"
}, {
  "uid" : "18e557d6b9db4c70",
  "name" : "interestRatecodeAPI01",
  "time" : {
    "start" : 1591882634479,
    "stop" : 1591882639740,
    "duration" : 5261
  },
  "status" : "passed",
  "severity" : "blocker"
}, {
  "uid" : "6e0ac698f8e7177c",
  "name" : "termLoanNameWithNegativedata",
  "time" : {
    "start" : 1591880004770,
    "stop" : 1591880018824,
    "duration" : 14054
  },
  "status" : "passed",
  "severity" : "blocker"
}, {
  "uid" : "a8f93c601ce54aea",
  "name" : "reportGet",
  "time" : {
    "start" : 1591881688946,
    "stop" : 1591881693331,
    "duration" : 4385
  },
  "status" : "passed",
  "severity" : "blocker"
}, {
  "uid" : "66a5890e7fa226b9",
  "name" : "autoAllocationPeriod",
  "time" : {
    "start" : 1591881964410,
    "stop" : 1591881969700,
    "duration" : 5290
  },
  "status" : "failed",
  "severity" : "blocker"
}, {
  "uid" : "3249ecfcfa767685",
  "name" : "OnetimeValueNEgative",
  "time" : {
    "start" : 1591879527295,
    "stop" : 1591879540081,
    "duration" : 12786
  },
  "status" : "passed",
  "severity" : "blocker"
}, {
  "uid" : "12bb1af8f94ed0cd",
  "name" : "termLoanNameWithNegativedata",
  "time" : {
    "start" : 1591880046423,
    "stop" : 1591880060410,
    "duration" : 13987
  },
  "status" : "passed",
  "severity" : "blocker"
}, {
  "uid" : "8a7923370ced233f",
  "name" : "termLoanNameWithNegativedata",
  "time" : {
    "start" : 1591880060413,
    "stop" : 1591880074601,
    "duration" : 14188
  },
  "status" : "passed",
  "severity" : "blocker"
}, {
  "uid" : "ada6e1381417af10",
  "name" : "termLoanNameWithNegativedata",
  "time" : {
    "start" : 1591880103816,
    "stop" : 1591880116376,
    "duration" : 12560
  },
  "status" : "passed",
  "severity" : "blocker"
}, {
  "uid" : "9d4d921018e0a3ee",
  "name" : "termLoanDisburnsmentNegative",
  "time" : {
    "start" : 1591878699250,
    "stop" : 1591878704060,
    "duration" : 4810
  },
  "status" : "passed",
  "severity" : "blocker"
}, {
  "uid" : "7cc026207bce11b8",
  "name" : "latefeepenalty",
  "time" : {
    "start" : 1591879560852,
    "stop" : 1591879565519,
    "duration" : 4667
  },
  "status" : "passed",
  "severity" : "blocker"
}, {
  "uid" : "469e11e6eff69a31",
  "name" : "chargeTypeValidationForNegative",
  "time" : {
    "start" : 1591878554221,
    "stop" : 1591878558474,
    "duration" : 4253
  },
  "status" : "passed",
  "severity" : "blocker"
}, {
  "uid" : "4ae43880619a1420",
  "name" : "termLoanNameWithNegativedata",
  "time" : {
    "start" : 1591880450946,
    "stop" : 1591880464123,
    "duration" : 13177
  },
  "status" : "passed",
  "severity" : "blocker"
}, {
  "uid" : "203607f7b73b07af",
  "name" : "reportGet",
  "time" : {
    "start" : 1591881701246,
    "stop" : 1591881705271,
    "duration" : 4025
  },
  "status" : "passed",
  "severity" : "blocker"
}, {
  "uid" : "ce70574e9e01fa36",
  "name" : "undoFunctionality",
  "time" : {
    "start" : 1591881327891,
    "stop" : 1591881363585,
    "duration" : 35694
  },
  "status" : "passed",
  "severity" : "blocker"
}, {
  "uid" : "98c2c9d1c54fb196",
  "name" : "termLoanDisburnsmentNegative",
  "time" : {
    "start" : 1591878680370,
    "stop" : 1591878685085,
    "duration" : 4715
  },
  "status" : "passed",
  "severity" : "blocker"
}, {
  "uid" : "4d32a448105f2aa9",
  "name" : "undo",
  "time" : {
    "start" : 1591880662272,
    "stop" : 1591880694239,
    "duration" : 31967
  },
  "status" : "passed",
  "severity" : "blocker"
}, {
  "uid" : "9494aa5115c78a8f",
  "name" : "baseInterestCode",
  "time" : {
    "start" : 1591881976066,
    "stop" : 1591881976066,
    "duration" : 0
  },
  "status" : "skipped",
  "severity" : "blocker"
}, {
  "uid" : "f60d2d7bd8ba1a25",
  "name" : "termLoanOrignalDateAsNegative",
  "time" : {
    "start" : 1591879099886,
    "stop" : 1591879104373,
    "duration" : 4487
  },
  "status" : "passed",
  "severity" : "blocker"
}, {
  "uid" : "b54890fd3bb5ae23",
  "name" : "termLoanNameWithNegativedata",
  "time" : {
    "start" : 1591880198639,
    "stop" : 1591880212007,
    "duration" : 13368
  },
  "status" : "passed",
  "severity" : "blocker"
}, {
  "uid" : "e98627557c2d655c",
  "name" : "termLoanInitialDateNegative",
  "time" : {
    "start" : 1591878885821,
    "stop" : 1591878890192,
    "duration" : 4371
  },
  "status" : "passed",
  "severity" : "blocker"
}, {
  "uid" : "1bf41697e6851466",
  "name" : "termLoanDisburnsmentNegative",
  "time" : {
    "start" : 1591878736324,
    "stop" : 1591878741721,
    "duration" : 5397
  },
  "status" : "passed",
  "severity" : "blocker"
}, {
  "uid" : "b1f54c2a552eac44",
  "name" : "floatingInterestRate",
  "time" : {
    "start" : 1591882335468,
    "stop" : 1591882353493,
    "duration" : 18025
  },
  "status" : "passed",
  "severity" : "blocker"
}, {
  "uid" : "c75817d13c3c65de",
  "name" : "termLoanInitialDateNegative",
  "time" : {
    "start" : 1591878917727,
    "stop" : 1591878921947,
    "duration" : 4220
  },
  "status" : "passed",
  "severity" : "blocker"
}, {
  "uid" : "ec181ab508ac42fb",
  "name" : "termLoanNameWithNegativedata",
  "time" : {
    "start" : 1591880252950,
    "stop" : 1591880267510,
    "duration" : 14560
  },
  "status" : "passed",
  "severity" : "blocker"
}, {
  "uid" : "6b8ece76cce9c668",
  "name" : "undoFunctionality",
  "time" : {
    "start" : 1591880724277,
    "stop" : 1591880770217,
    "duration" : 45940
  },
  "status" : "passed",
  "severity" : "blocker"
}, {
  "uid" : "f478354c57bd0744",
  "name" : "termLoanNameWithNegativedata",
  "time" : {
    "start" : 1591880282195,
    "stop" : 1591880296210,
    "duration" : 14015
  },
  "status" : "passed",
  "severity" : "blocker"
}, {
  "uid" : "8771a5870c813531",
  "name" : "termLoanGetRequest",
  "time" : {
    "start" : 1591878984476,
    "stop" : 1591878989238,
    "duration" : 4762
  },
  "status" : "passed",
  "severity" : "blocker"
}, {
  "uid" : "61f02bc06ce544fd",
  "name" : "termLoanEditOperation",
  "time" : {
    "start" : 1591879245854,
    "stop" : 1591879257781,
    "duration" : 11927
  },
  "status" : "passed",
  "severity" : "blocker"
}, {
  "uid" : "5c9c510d2d22669a",
  "name" : "termLoanDisburnsmentNegative",
  "time" : {
    "start" : 1591878741744,
    "stop" : 1591878746521,
    "duration" : 4777
  },
  "status" : "passed",
  "severity" : "blocker"
}, {
  "uid" : "1a92993829ca3eef",
  "name" : "oneTimeManualNegative",
  "time" : {
    "start" : 1591879664357,
    "stop" : 1591879677067,
    "duration" : 12710
  },
  "status" : "passed",
  "severity" : "blocker"
}, {
  "uid" : "34dbd3da6bf56d91",
  "name" : "termLoanDisburnsmentNegative",
  "time" : {
    "start" : 1591878746534,
    "stop" : 1591878751643,
    "duration" : 5109
  },
  "status" : "passed",
  "severity" : "blocker"
}, {
  "uid" : "f73edae9bd10fa7",
  "name" : "chargeCodeWithNegativeDetails",
  "time" : {
    "start" : 1591878462794,
    "stop" : 1591878467264,
    "duration" : 4470
  },
  "status" : "passed",
  "severity" : "blocker"
}, {
  "uid" : "7013c36330ec4684",
  "name" : "termLoanDisburnsmentNegative",
  "time" : {
    "start" : 1591878751660,
    "stop" : 1591878756213,
    "duration" : 4553
  },
  "status" : "passed",
  "severity" : "blocker"
}, {
  "uid" : "ee3f94f1d32458ac",
  "name" : "chargeCodeWithNegativeDetails",
  "time" : {
    "start" : 1591878453060,
    "stop" : 1591878458417,
    "duration" : 5357
  },
  "status" : "passed",
  "severity" : "blocker"
}, {
  "uid" : "2486207038e8c5d3",
  "name" : "termLoanGetRequest",
  "time" : {
    "start" : 1591879007318,
    "stop" : 1591879016269,
    "duration" : 8951
  },
  "status" : "passed",
  "severity" : "blocker"
}, {
  "uid" : "55435ca6bbb2800e",
  "name" : "transactionFieldNegative",
  "time" : {
    "start" : 1591878645584,
    "stop" : 1591878650523,
    "duration" : 4939
  },
  "status" : "passed",
  "severity" : "blocker"
}, {
  "uid" : "82939d766e79c370",
  "name" : "chargeTypeValidation",
  "time" : {
    "start" : 1591878502703,
    "stop" : 1591878507804,
    "duration" : 5101
  },
  "status" : "passed",
  "severity" : "blocker"
}, {
  "uid" : "fd29ce88139527ef",
  "name" : "termLoanNameWithNegativedata",
  "time" : {
    "start" : 1591880382301,
    "stop" : 1591880396564,
    "duration" : 14263
  },
  "status" : "passed",
  "severity" : "blocker"
}, {
  "uid" : "789031724233032c",
  "name" : "floatingInterestRate",
  "time" : {
    "start" : 1591882353515,
    "stop" : 1591882370011,
    "duration" : 16496
  },
  "status" : "passed",
  "severity" : "blocker"
}, {
  "uid" : "4cb0b21d9340f9e1",
  "name" : "termLoanOrignalDateAsNegative",
  "time" : {
    "start" : 1591879207627,
    "stop" : 1591879211727,
    "duration" : 4100
  },
  "status" : "passed",
  "severity" : "blocker"
}, {
  "uid" : "d8cde96a0771c837",
  "name" : "termLoanNameWithNegativedata",
  "time" : {
    "start" : 1591880492446,
    "stop" : 1591880505622,
    "duration" : 13176
  },
  "status" : "passed",
  "severity" : "blocker"
}, {
  "uid" : "3066ce9fa56fa656",
  "name" : "amortizationGet",
  "time" : {
    "start" : 1591880598376,
    "stop" : 1591880607709,
    "duration" : 9333
  },
  "status" : "passed",
  "severity" : "blocker"
}, {
  "uid" : "1ccf488848146c6b",
  "name" : "interestRatecodeAPI02",
  "time" : {
    "start" : 1591882639754,
    "stop" : 1591882645521,
    "duration" : 5767
  },
  "status" : "passed",
  "severity" : "blocker"
}, {
  "uid" : "a3b7a828a8954a93",
  "name" : "latefeepenaltyValue",
  "time" : {
    "start" : 1591879597382,
    "stop" : 1591879602095,
    "duration" : 4713
  },
  "status" : "passed",
  "severity" : "blocker"
}, {
  "uid" : "1e8c420fd7647dc1",
  "name" : "amortizationGet",
  "time" : {
    "start" : 1591880589450,
    "stop" : 1591880598374,
    "duration" : 8924
  },
  "status" : "passed",
  "severity" : "blocker"
}, {
  "uid" : "150c0a082cb2b7f",
  "name" : "chargeTypeValidation",
  "time" : {
    "start" : 1591878481829,
    "stop" : 1591878487346,
    "duration" : 5517
  },
  "status" : "passed",
  "severity" : "blocker"
}, {
  "uid" : "4900cde92b70c4a1",
  "name" : "periodRevsion",
  "time" : {
    "start" : 1591882657736,
    "stop" : 1591882680132,
    "duration" : 22396
  },
  "status" : "passed",
  "severity" : "blocker"
}, {
  "uid" : "94ed04b1c9972fd8",
  "name" : "termLoanGetRequest",
  "time" : {
    "start" : 1591878989238,
    "stop" : 1591878996178,
    "duration" : 6940
  },
  "status" : "passed",
  "severity" : "blocker"
}, {
  "uid" : "4cc7f1f3f50f99ab",
  "name" : "chargeTypeValidation",
  "time" : {
    "start" : 1591878497256,
    "stop" : 1591878502695,
    "duration" : 5439
  },
  "status" : "passed",
  "severity" : "blocker"
}, {
  "uid" : "f0d647c6d35dac70",
  "name" : "termLoanInitialDateNegative",
  "time" : {
    "start" : 1591878835482,
    "stop" : 1591878839752,
    "duration" : 4270
  },
  "status" : "passed",
  "severity" : "blocker"
}, {
  "uid" : "99094bef1cf35f7c",
  "name" : "termLoanInitialDateNegative",
  "time" : {
    "start" : 1591878926363,
    "stop" : 1591878931843,
    "duration" : 5480
  },
  "status" : "passed",
  "severity" : "blocker"
}, {
  "uid" : "68cbe624196dbbfe",
  "name" : "chargeCodeWithNegativeDetails",
  "time" : {
    "start" : 1591878471408,
    "stop" : 1591878476116,
    "duration" : 4708
  },
  "status" : "passed",
  "severity" : "blocker"
}, {
  "uid" : "441341072e4e9b54",
  "name" : "floatingInterestRate",
  "time" : {
    "start" : 1591882010619,
    "stop" : 1591882066240,
    "duration" : 55621
  },
  "status" : "passed",
  "severity" : "blocker"
}, {
  "uid" : "8a2c3a30345d257d",
  "name" : "termLoanNameWithNegativedata",
  "time" : {
    "start" : 1591880477642,
    "stop" : 1591880492441,
    "duration" : 14799
  },
  "status" : "passed",
  "severity" : "blocker"
}, {
  "uid" : "94904a3bb6447542",
  "name" : "termLoanEditOperation",
  "time" : {
    "start" : 1591879381419,
    "stop" : 1591879392630,
    "duration" : 11211
  },
  "status" : "passed",
  "severity" : "blocker"
}, {
  "uid" : "9bb151a2244647eb",
  "name" : "termSetup",
  "time" : {
    "start" : 1591878770536,
    "stop" : 1591878783339,
    "duration" : 12803
  },
  "status" : "passed",
  "severity" : "blocker"
}, {
  "uid" : "d057754dfa622d4e",
  "name" : "termLoanNameWithNegativedata",
  "time" : {
    "start" : 1591879987835,
    "stop" : 1591880004751,
    "duration" : 16916
  },
  "status" : "passed",
  "severity" : "blocker"
}, {
  "uid" : "4f8f00af2a61a06c",
  "name" : "termLoanInitialDateNegative",
  "time" : {
    "start" : 1591878807940,
    "stop" : 1591878812363,
    "duration" : 4423
  },
  "status" : "passed",
  "severity" : "blocker"
}, {
  "uid" : "613c58aabcbff2d7",
  "name" : "termLoanGetRequest",
  "time" : {
    "start" : 1591879021369,
    "stop" : 1591879025668,
    "duration" : 4299
  },
  "status" : "failed",
  "severity" : "blocker"
}, {
  "uid" : "9149e981d3ea7115",
  "name" : "termLoanNameWithNegativedata",
  "time" : {
    "start" : 1591879960259,
    "stop" : 1591879974430,
    "duration" : 14171
  },
  "status" : "passed",
  "severity" : "blocker"
}, {
  "uid" : "f2b9664a859f9251",
  "name" : "termLoanInitialDateNegative",
  "time" : {
    "start" : 1591878848711,
    "stop" : 1591878853076,
    "duration" : 4365
  },
  "status" : "passed",
  "severity" : "blocker"
}, {
  "uid" : "a8a798036860a1b6",
  "name" : "termLoanDisburnsmentNegative",
  "time" : {
    "start" : 1591878655878,
    "stop" : 1591878660761,
    "duration" : 4883
  },
  "status" : "passed",
  "severity" : "blocker"
}, {
  "uid" : "c4a5261e9e2c9fb4",
  "name" : "termLoanInitialDateNegative",
  "time" : {
    "start" : 1591878951022,
    "stop" : 1591878956067,
    "duration" : 5045
  },
  "status" : "passed",
  "severity" : "blocker"
}, {
  "uid" : "9d58c70302eee695",
  "name" : "termLoanOrignalDateAsNegative",
  "time" : {
    "start" : 1591879189942,
    "stop" : 1591879194323,
    "duration" : 4381
  },
  "status" : "passed",
  "severity" : "blocker"
}, {
  "uid" : "c11bd87353412c0f",
  "name" : "floatingInterestRate",
  "time" : {
    "start" : 1591882140754,
    "stop" : 1591882201730,
    "duration" : 60976
  },
  "status" : "passed",
  "severity" : "blocker"
}, {
  "uid" : "a081fbf2ba628e57",
  "name" : "gracePeriodEndDate",
  "time" : {
    "start" : 1591881739408,
    "stop" : 1591881763306,
    "duration" : 23898
  },
  "status" : "failed",
  "severity" : "blocker"
}, {
  "uid" : "2adfb813f77ce131",
  "name" : "termLoanNameWithNegativedata",
  "time" : {
    "start" : 1591880224886,
    "stop" : 1591880238978,
    "duration" : 14092
  },
  "status" : "passed",
  "severity" : "blocker"
}, {
  "uid" : "2b2253bd5f15bb86",
  "name" : "oneTimeManualNegative",
  "time" : {
    "start" : 1591879838362,
    "stop" : 1591879850337,
    "duration" : 11975
  },
  "status" : "passed",
  "severity" : "blocker"
}, {
  "uid" : "ce4dc4cba79fbfab",
  "name" : "termLoanEditOperation",
  "time" : {
    "start" : 1591879330674,
    "stop" : 1591879342727,
    "duration" : 12053
  },
  "status" : "passed",
  "severity" : "blocker"
}, {
  "uid" : "e23cec27fcde86b8",
  "name" : "termLoanInitialDateNegative",
  "time" : {
    "start" : 1591878974677,
    "stop" : 1591878979470,
    "duration" : 4793
  },
  "status" : "passed",
  "severity" : "blocker"
}, {
  "uid" : "996c619b712df176",
  "name" : "creationOfChargeCodeWithPositiveDetails",
  "time" : {
    "start" : 1591878582329,
    "stop" : 1591878611478,
    "duration" : 29149
  },
  "status" : "passed",
  "severity" : "blocker"
}, {
  "uid" : "2232465f027c7a1a",
  "name" : "OnetimeValueNEgative",
  "time" : {
    "start" : 1591879468243,
    "stop" : 1591879479723,
    "duration" : 11480
  },
  "status" : "passed",
  "severity" : "blocker"
}, {
  "uid" : "2975fde31cd558ff",
  "name" : "amortizationSchelue",
  "time" : {
    "start" : 1591880607716,
    "stop" : 1591880627857,
    "duration" : 20141
  },
  "status" : "passed",
  "severity" : "blocker"
}, {
  "uid" : "5e47dfb1f505cf0d",
  "name" : "termLoanOrignalDateAsNegative",
  "time" : {
    "start" : 1591879062045,
    "stop" : 1591879066833,
    "duration" : 4788
  },
  "status" : "passed",
  "severity" : "blocker"
}, {
  "uid" : "acbfd22e1799d49c",
  "name" : "termLoanOrignalDateAsNegative",
  "time" : {
    "start" : 1591879090196,
    "stop" : 1591879094985,
    "duration" : 4789
  },
  "status" : "passed",
  "severity" : "blocker"
}, {
  "uid" : "82d672f8bf77d4a1",
  "name" : "termLoanNameWithNegativedata",
  "time" : {
    "start" : 1591880438323,
    "stop" : 1591880450941,
    "duration" : 12618
  },
  "status" : "passed",
  "severity" : "blocker"
}, {
  "uid" : "f38e01e204ebb8f6",
  "name" : "termLoanNameWithNegativedata",
  "time" : {
    "start" : 1591880184304,
    "stop" : 1591880198634,
    "duration" : 14330
  },
  "status" : "passed",
  "severity" : "blocker"
}, {
  "uid" : "f8436ba291a58ecc",
  "name" : "termLoanDisburnsmentNegative",
  "time" : {
    "start" : 1591878660768,
    "stop" : 1591878665879,
    "duration" : 5111
  },
  "status" : "passed",
  "severity" : "blocker"
}, {
  "uid" : "a8b09b483f2589e8",
  "name" : "reportGet",
  "time" : {
    "start" : 1591881697154,
    "stop" : 1591881701243,
    "duration" : 4089
  },
  "status" : "passed",
  "severity" : "blocker"
}, {
  "uid" : "4f69f6438bf71c10",
  "name" : "chargeCodeWithNegativeDetails",
  "time" : {
    "start" : 1591878430608,
    "stop" : 1591878443847,
    "duration" : 13239
  },
  "status" : "passed",
  "severity" : "blocker"
}, {
  "uid" : "9420ede28523990",
  "name" : "oneTimeManualNegative",
  "time" : {
    "start" : 1591879850352,
    "stop" : 1591879862310,
    "duration" : 11958
  },
  "status" : "passed",
  "severity" : "blocker"
}, {
  "uid" : "e1a7e98548112d91",
  "name" : "termLoanInitialDateNegative",
  "time" : {
    "start" : 1591878816885,
    "stop" : 1591878821414,
    "duration" : 4529
  },
  "status" : "passed",
  "severity" : "blocker"
}, {
  "uid" : "2d606dc36f4a2aa8",
  "name" : "transactionFieldNegative",
  "time" : {
    "start" : 1591878625254,
    "stop" : 1591878631327,
    "duration" : 6073
  },
  "status" : "passed",
  "severity" : "blocker"
}, {
  "uid" : "646825ed30496f5f",
  "name" : "latefeepenalty",
  "time" : {
    "start" : 1591879565525,
    "stop" : 1591879570498,
    "duration" : 4973
  },
  "status" : "passed",
  "severity" : "blocker"
}, {
  "uid" : "19a2df1a361f3568",
  "name" : "termLoanOrignalDateAsNegative",
  "time" : {
    "start" : 1591879220938,
    "stop" : 1591879229275,
    "duration" : 8337
  },
  "status" : "passed",
  "severity" : "blocker"
}, {
  "uid" : "2cdeb0404ce3cd3d",
  "name" : "termLoanOrignalDateAsNegative",
  "time" : {
    "start" : 1591879125750,
    "stop" : 1591879130052,
    "duration" : 4302
  },
  "status" : "passed",
  "severity" : "blocker"
}, {
  "uid" : "e2c01b02fdda0f84",
  "name" : "chargeTypeValidation",
  "time" : {
    "start" : 1591878492478,
    "stop" : 1591878497244,
    "duration" : 4766
  },
  "status" : "passed",
  "severity" : "blocker"
}, {
  "uid" : "67d1fcc6731491f9",
  "name" : "termLoanInitialDateNegative",
  "time" : {
    "start" : 1591878826376,
    "stop" : 1591878830799,
    "duration" : 4423
  },
  "status" : "passed",
  "severity" : "blocker"
}, {
  "uid" : "6147ef440d090439",
  "name" : "reportGet",
  "time" : {
    "start" : 1591881670098,
    "stop" : 1591881675235,
    "duration" : 5137
  },
  "status" : "passed",
  "severity" : "blocker"
}, {
  "uid" : "5f71eefa5ec39a19",
  "name" : "termLoanEditOperation",
  "time" : {
    "start" : 1591879257784,
    "stop" : 1591879269294,
    "duration" : 11510
  },
  "status" : "passed",
  "severity" : "blocker"
}, {
  "uid" : "3ded5c616aa6d863",
  "name" : "termLoanNameWithNegativedata",
  "time" : {
    "start" : 1591880074606,
    "stop" : 1591880088263,
    "duration" : 13657
  },
  "status" : "passed",
  "severity" : "blocker"
}, {
  "uid" : "82ba7a489c383e53",
  "name" : "termLoanOrignalDateAsNegative",
  "time" : {
    "start" : 1591879121427,
    "stop" : 1591879125733,
    "duration" : 4306
  },
  "status" : "passed",
  "severity" : "blocker"
}, {
  "uid" : "42878277acde39b1",
  "name" : "termLoanEditOperation",
  "time" : {
    "start" : 1591879369108,
    "stop" : 1591879381414,
    "duration" : 12306
  },
  "status" : "passed",
  "severity" : "blocker"
}, {
  "uid" : "b3a6ee299235e4b0",
  "name" : "termLoanOrignalDateAsNegative",
  "time" : {
    "start" : 1591879035492,
    "stop" : 1591879040150,
    "duration" : 4658
  },
  "status" : "passed",
  "severity" : "blocker"
}, {
  "uid" : "7910d0c4c785a6d4",
  "name" : "reportGet",
  "time" : {
    "start" : 1591881665326,
    "stop" : 1591881670083,
    "duration" : 4757
  },
  "status" : "passed",
  "severity" : "blocker"
}, {
  "uid" : "23c1c1b9b54f0a29",
  "name" : "termLoanInitialDateNegative",
  "time" : {
    "start" : 1591878904033,
    "stop" : 1591878908754,
    "duration" : 4721
  },
  "status" : "passed",
  "severity" : "blocker"
}, {
  "uid" : "d023b21c2aab17ec",
  "name" : "reportGet",
  "time" : {
    "start" : 1591881644622,
    "stop" : 1591881652498,
    "duration" : 7876
  },
  "status" : "passed",
  "severity" : "blocker"
}, {
  "uid" : "fed1616f2b920050",
  "name" : "termLoanDisburnsmentNegative",
  "time" : {
    "start" : 1591878675489,
    "stop" : 1591878680366,
    "duration" : 4877
  },
  "status" : "passed",
  "severity" : "blocker"
}, {
  "uid" : "da092dec77bc78a6",
  "name" : "undoFunctionality",
  "time" : {
    "start" : 1591880813639,
    "stop" : 1591880866374,
    "duration" : 52735
  },
  "status" : "passed",
  "severity" : "blocker"
}, {
  "uid" : "fbe1e81b4218e625",
  "name" : "termLoanInitialDateNegative",
  "time" : {
    "start" : 1591878913001,
    "stop" : 1591878917711,
    "duration" : 4710
  },
  "status" : "passed",
  "severity" : "blocker"
}, {
  "uid" : "386f21e00248c982",
  "name" : "undoFunctionality",
  "time" : {
    "start" : 1591881198728,
    "stop" : 1591881252800,
    "duration" : 54072
  },
  "status" : "passed",
  "severity" : "blocker"
}, {
  "uid" : "ba50b5e1f70ecb7f",
  "name" : "latefee",
  "time" : {
    "start" : 1591879439957,
    "stop" : 1591879454017,
    "duration" : 14060
  },
  "status" : "passed",
  "severity" : "blocker"
}, {
  "uid" : "a4d8ecc8a75874e0",
  "name" : "collateralCRUD",
  "time" : {
    "start" : 1591881510997,
    "stop" : 1591881571188,
    "duration" : 60191
  },
  "status" : "passed",
  "severity" : "blocker"
}, {
  "uid" : "855d08e0d553a5ea",
  "name" : "reportGet",
  "time" : {
    "start" : 1591881661641,
    "stop" : 1591881665323,
    "duration" : 3682
  },
  "status" : "passed",
  "severity" : "blocker"
}, {
  "uid" : "ea34313c5d71401",
  "name" : "termLoanNameWithNegativedata",
  "time" : {
    "start" : 1591880531685,
    "stop" : 1591880545800,
    "duration" : 14115
  },
  "status" : "passed",
  "severity" : "blocker"
}, {
  "uid" : "65767804b100ad72",
  "name" : "floatingInterestRate",
  "time" : {
    "start" : 1591882588192,
    "stop" : 1591882606814,
    "duration" : 18622
  },
  "status" : "passed",
  "severity" : "blocker"
}, {
  "uid" : "1e9c2693020a080b",
  "name" : "termLoanGetRequest",
  "time" : {
    "start" : 1591879000290,
    "stop" : 1591879007304,
    "duration" : 7014
  },
  "status" : "passed",
  "severity" : "blocker"
}, {
  "uid" : "2f2dadb5b08db721",
  "name" : "floating",
  "time" : {
    "start" : 1591881976516,
    "stop" : 1591881983216,
    "duration" : 6700
  },
  "status" : "passed",
  "severity" : "blocker"
}, {
  "uid" : "b8ab56924b08939c",
  "name" : "termLoanEditOperation",
  "time" : {
    "start" : 1591879416192,
    "stop" : 1591879427492,
    "duration" : 11300
  },
  "status" : "passed",
  "severity" : "blocker"
}, {
  "uid" : "dfe2ae115a45fadb",
  "name" : "termLoanOrignalDateAsNegative",
  "time" : {
    "start" : 1591879044391,
    "stop" : 1591879048912,
    "duration" : 4521
  },
  "status" : "passed",
  "severity" : "blocker"
}, {
  "uid" : "5d520302dfd178d1",
  "name" : "termLoanInitialDateNegative",
  "time" : {
    "start" : 1591878830805,
    "stop" : 1591878835473,
    "duration" : 4668
  },
  "status" : "passed",
  "severity" : "blocker"
}, {
  "uid" : "25ea488129ea099e",
  "name" : "termLoanDisburnsmentNegative",
  "time" : {
    "start" : 1591878761253,
    "stop" : 1591878765806,
    "duration" : 4553
  },
  "status" : "passed",
  "severity" : "blocker"
}, {
  "uid" : "10a6885be7848580",
  "name" : "chargeCodeWithNegativeDetails",
  "time" : {
    "start" : 1591878467275,
    "stop" : 1591878471400,
    "duration" : 4125
  },
  "status" : "passed",
  "severity" : "blocker"
}, {
  "uid" : "deec2a0b79263a39",
  "name" : "termLoanNumberWithPositiveData",
  "time" : {
    "start" : 1591879459145,
    "stop" : 1591879463440,
    "duration" : 4295
  },
  "status" : "failed",
  "severity" : "blocker"
}, {
  "uid" : "702a8d234542c9a1",
  "name" : "OnetimeValueNEgative",
  "time" : {
    "start" : 1591879516095,
    "stop" : 1591879527295,
    "duration" : 11200
  },
  "status" : "passed",
  "severity" : "blocker"
}, {
  "uid" : "18604fed6a1a98a8",
  "name" : "latefeepenaltyValue",
  "time" : {
    "start" : 1591879606335,
    "stop" : 1591879611129,
    "duration" : 4794
  },
  "status" : "passed",
  "severity" : "blocker"
}, {
  "uid" : "d9f9f5d0439bf1e1",
  "name" : "transactionFieldNegative",
  "time" : {
    "start" : 1591878636448,
    "stop" : 1591878640690,
    "duration" : 4242
  },
  "status" : "passed",
  "severity" : "blocker"
}, {
  "uid" : "74523196b8b779f3",
  "name" : "termLoanNameWithNegativedata",
  "time" : {
    "start" : 1591880424411,
    "stop" : 1591880438316,
    "duration" : 13905
  },
  "status" : "passed",
  "severity" : "blocker"
}, {
  "uid" : "9785ade185b3b2b8",
  "name" : "termLoanInitialDateNegative",
  "time" : {
    "start" : 1591878940768,
    "stop" : 1591878945870,
    "duration" : 5102
  },
  "status" : "passed",
  "severity" : "blocker"
}, {
  "uid" : "34539a676e6b9e5",
  "name" : "gracePeriodGreaterThanPeriodEnd",
  "time" : {
    "start" : 1591881763554,
    "stop" : 1591881767907,
    "duration" : 4353
  },
  "status" : "broken",
  "severity" : "blocker"
}, {
  "uid" : "f926fb8bfe64ee41",
  "name" : "amortization",
  "time" : {
    "start" : 1591880574108,
    "stop" : 1591880589180,
    "duration" : 15072
  },
  "status" : "passed",
  "severity" : "blocker"
}, {
  "uid" : "eb6d2502ffad3c69",
  "name" : "termLoanOrignalDateAsNegative",
  "time" : {
    "start" : 1591879048917,
    "stop" : 1591879053068,
    "duration" : 4151
  },
  "status" : "passed",
  "severity" : "blocker"
}, {
  "uid" : "4a76299f92414f04",
  "name" : "termLoanNameWithNegativedata",
  "time" : {
    "start" : 1591879916302,
    "stop" : 1591879930558,
    "duration" : 14256
  },
  "status" : "passed",
  "severity" : "blocker"
}, {
  "uid" : "fc543dea8080125a",
  "name" : "termLoanDisburnsmentNegative",
  "time" : {
    "start" : 1591878694806,
    "stop" : 1591878699246,
    "duration" : 4440
  },
  "status" : "passed",
  "severity" : "blocker"
}, {
  "uid" : "f28a846deda7e533",
  "name" : "floatingInterestRate",
  "time" : {
    "start" : 1591882553369,
    "stop" : 1591882571477,
    "duration" : 18108
  },
  "status" : "passed",
  "severity" : "blocker"
}, {
  "uid" : "2c6222fb5826ca7d",
  "name" : "termLoanOrignalDateAsNegative",
  "time" : {
    "start" : 1591879154747,
    "stop" : 1591879158563,
    "duration" : 3816
  },
  "status" : "passed",
  "severity" : "blocker"
}, {
  "uid" : "549b1a353d424c02",
  "name" : "latefeepenaltyValue",
  "time" : {
    "start" : 1591879592744,
    "stop" : 1591879597376,
    "duration" : 4632
  },
  "status" : "passed",
  "severity" : "blocker"
}, {
  "uid" : "d3b9f12358f091a5",
  "name" : "termLoanNameWithNegativedata",
  "time" : {
    "start" : 1591880143186,
    "stop" : 1591880156446,
    "duration" : 13260
  },
  "status" : "passed",
  "severity" : "blocker"
}, {
  "uid" : "400cb27d110dfa19",
  "name" : "floatingInterestRate",
  "time" : {
    "start" : 1591882571483,
    "stop" : 1591882588179,
    "duration" : 16696
  },
  "status" : "passed",
  "severity" : "blocker"
}, {
  "uid" : "7e571c4fdd6cf92b",
  "name" : "termLoanGetRequest",
  "time" : {
    "start" : 1591879016278,
    "stop" : 1591879021363,
    "duration" : 5085
  },
  "status" : "passed",
  "severity" : "blocker"
}, {
  "uid" : "b9f438a33559d304",
  "name" : "latefeepenaltyValue",
  "time" : {
    "start" : 1591879602107,
    "stop" : 1591879606335,
    "duration" : 4228
  },
  "status" : "passed",
  "severity" : "blocker"
}, {
  "uid" : "7a4ae6a27050a2f8",
  "name" : "oneTimeManualFeePostValue",
  "time" : {
    "start" : 1591879652587,
    "stop" : 1591879664115,
    "duration" : 11528
  },
  "status" : "passed",
  "severity" : "blocker"
}, {
  "uid" : "6c96ac13cb6cef4d",
  "name" : "reportGet",
  "time" : {
    "start" : 1591881709438,
    "stop" : 1591881713135,
    "duration" : 3697
  },
  "status" : "passed",
  "severity" : "blocker"
}, {
  "uid" : "f8b5282f9a802ee2",
  "name" : "termLoanEditOperation",
  "time" : {
    "start" : 1591879318705,
    "stop" : 1591879330671,
    "duration" : 11966
  },
  "status" : "passed",
  "severity" : "blocker"
}, {
  "uid" : "39a0b34f1e0e9a9",
  "name" : "termLoanOrignalDateAsNegative",
  "time" : {
    "start" : 1591879117527,
    "stop" : 1591879121424,
    "duration" : 3897
  },
  "status" : "passed",
  "severity" : "blocker"
}, {
  "uid" : "2c731a87de640500",
  "name" : "undoFunctionality",
  "time" : {
    "start" : 1591881159831,
    "stop" : 1591881198728,
    "duration" : 38897
  },
  "status" : "passed",
  "severity" : "blocker"
}, {
  "uid" : "1c3fbc2faadbf7c",
  "name" : "termLoanInitialDateNegative",
  "time" : {
    "start" : 1591878921963,
    "stop" : 1591878926356,
    "duration" : 4393
  },
  "status" : "passed",
  "severity" : "blocker"
}, {
  "uid" : "37ad3ef05f35e928",
  "name" : "floatingInterestRate",
  "time" : {
    "start" : 1591882390771,
    "stop" : 1591882406623,
    "duration" : 15852
  },
  "status" : "passed",
  "severity" : "blocker"
}, {
  "uid" : "cfdc195f9bc114ad",
  "name" : "termLoanNameWithNegativedata",
  "time" : {
    "start" : 1591880505625,
    "stop" : 1591880518831,
    "duration" : 13206
  },
  "status" : "passed",
  "severity" : "blocker"
}, {
  "uid" : "b9267cc8377ed200",
  "name" : "undoFunctionality",
  "time" : {
    "start" : 1591881441808,
    "stop" : 1591881475756,
    "duration" : 33948
  },
  "status" : "passed",
  "severity" : "blocker"
}, {
  "uid" : "dbee7b2f61380756",
  "name" : "termLoanEditOperation",
  "time" : {
    "start" : 1591879355191,
    "stop" : 1591879369103,
    "duration" : 13912
  },
  "status" : "passed",
  "severity" : "blocker"
}, {
  "uid" : "cf693da9a951f835",
  "name" : "termLoanNameWithNegativedata",
  "time" : {
    "start" : 1591880355485,
    "stop" : 1591880369633,
    "duration" : 14148
  },
  "status" : "passed",
  "severity" : "blocker"
}, {
  "uid" : "b1b191320489141c",
  "name" : "undoFunctionality",
  "time" : {
    "start" : 1591881125835,
    "stop" : 1591881159825,
    "duration" : 33990
  },
  "status" : "passed",
  "severity" : "blocker"
}, {
  "uid" : "c150f459a64793dd",
  "name" : "termLoanNameWithNegativedata",
  "time" : {
    "start" : 1591880326098,
    "stop" : 1591880340051,
    "duration" : 13953
  },
  "status" : "passed",
  "severity" : "blocker"
}, {
  "uid" : "88f87c8323a5fc68",
  "name" : "latefeepenalty",
  "time" : {
    "start" : 1591879557000,
    "stop" : 1591879560847,
    "duration" : 3847
  },
  "status" : "passed",
  "severity" : "blocker"
}, {
  "uid" : "e1cf00fe9196c4ea",
  "name" : "termLoanInitialDateNegative",
  "time" : {
    "start" : 1591878821417,
    "stop" : 1591878826372,
    "duration" : 4955
  },
  "status" : "passed",
  "severity" : "blocker"
}, {
  "uid" : "c68fc893b63300b6",
  "name" : "gracePeriodDate",
  "time" : {
    "start" : 1591881713315,
    "stop" : 1591881739292,
    "duration" : 25977
  },
  "status" : "failed",
  "severity" : "blocker"
}, {
  "uid" : "8fe052238f052716",
  "name" : "termLoanInitialDateNegative",
  "time" : {
    "start" : 1591878871975,
    "stop" : 1591878876155,
    "duration" : 4180
  },
  "status" : "passed",
  "severity" : "blocker"
}, {
  "uid" : "8f31e3b39c48f8e2",
  "name" : "floatingInterestRate",
  "time" : {
    "start" : 1591882370014,
    "stop" : 1591882390759,
    "duration" : 20745
  },
  "status" : "passed",
  "severity" : "blocker"
}, {
  "uid" : "7c111dad6f95cb99",
  "name" : "termLoanNameWithNegativedata",
  "time" : {
    "start" : 1591880464131,
    "stop" : 1591880477632,
    "duration" : 13501
  },
  "status" : "passed",
  "severity" : "blocker"
}, {
  "uid" : "7b491e551a253af2",
  "name" : "termLoanInitialDateNegative",
  "time" : {
    "start" : 1591878812371,
    "stop" : 1591878816870,
    "duration" : 4499
  },
  "status" : "passed",
  "severity" : "blocker"
}, {
  "uid" : "f077e75e02ffdc10",
  "name" : "latefeepenalty",
  "time" : {
    "start" : 1591879570498,
    "stop" : 1591879575169,
    "duration" : 4671
  },
  "status" : "passed",
  "severity" : "blocker"
}, {
  "uid" : "165262dfd36e9a46",
  "name" : "chargeTypeValidationForNegative",
  "time" : {
    "start" : 1591878563178,
    "stop" : 1591878568292,
    "duration" : 5114
  },
  "status" : "passed",
  "severity" : "blocker"
}, {
  "uid" : "8780cf6b41ad83cb",
  "name" : "chargeCodeWithNegativeDetails",
  "time" : {
    "start" : 1591878458423,
    "stop" : 1591878462787,
    "duration" : 4364
  },
  "status" : "passed",
  "severity" : "blocker"
}, {
  "uid" : "ad9e9cbdf4452d5",
  "name" : "reportGet",
  "time" : {
    "start" : 1591881633921,
    "stop" : 1591881639474,
    "duration" : 5553
  },
  "status" : "passed",
  "severity" : "blocker"
}, {
  "uid" : "689f16da485c481e",
  "name" : "floatingInterestRate",
  "time" : {
    "start" : 1591882478832,
    "stop" : 1591882498069,
    "duration" : 19237
  },
  "status" : "passed",
  "severity" : "blocker"
}, {
  "uid" : "e431c5b4171e7852",
  "name" : "termLoanEditOperation",
  "time" : {
    "start" : 1591879392636,
    "stop" : 1591879403922,
    "duration" : 11286
  },
  "status" : "passed",
  "severity" : "blocker"
}, {
  "uid" : "86b9c7fb409b6541",
  "name" : "termLoanOrignalDateAsNegative",
  "time" : {
    "start" : 1591879130054,
    "stop" : 1591879135864,
    "duration" : 5810
  },
  "status" : "passed",
  "severity" : "blocker"
}, {
  "uid" : "ba73aa14ccf69e58",
  "name" : "termLoanOrignalDateAsNegative",
  "time" : {
    "start" : 1591879176683,
    "stop" : 1591879181305,
    "duration" : 4622
  },
  "status" : "passed",
  "severity" : "blocker"
}, {
  "uid" : "354202a08753c770",
  "name" : "termLoanNameWithNegativedata",
  "time" : {
    "start" : 1591880156452,
    "stop" : 1591880169521,
    "duration" : 13069
  },
  "status" : "passed",
  "severity" : "blocker"
}, {
  "uid" : "6a3bdbc8bc82fb60",
  "name" : "termLoanOrignalDateAsNegative",
  "time" : {
    "start" : 1591879057348,
    "stop" : 1591879062037,
    "duration" : 4689
  },
  "status" : "passed",
  "severity" : "blocker"
}, {
  "uid" : "ea1d2476dfc3c121",
  "name" : "interestRatecodeAPI03",
  "time" : {
    "start" : 1591882645525,
    "stop" : 1591882650882,
    "duration" : 5357
  },
  "status" : "passed",
  "severity" : "blocker"
}, {
  "uid" : "7edc6726b23e7130",
  "name" : "termLoanOrignalDateAsNegative",
  "time" : {
    "start" : 1591879229289,
    "stop" : 1591879233696,
    "duration" : 4407
  },
  "status" : "passed",
  "severity" : "blocker"
}, {
  "uid" : "78872b5ad2f1aac5",
  "name" : "termLoanOrignalDateAsNegative",
  "time" : {
    "start" : 1591879108845,
    "stop" : 1591879113649,
    "duration" : 4804
  },
  "status" : "passed",
  "severity" : "blocker"
}, {
  "uid" : "dec2126871ff5c85",
  "name" : "floatingInterestRate",
  "time" : {
    "start" : 1591882444215,
    "stop" : 1591882461614,
    "duration" : 17399
  },
  "status" : "passed",
  "severity" : "blocker"
}, {
  "uid" : "36c55363a5b09126",
  "name" : "gracePeriodPaymentdueDate",
  "time" : {
    "start" : 1591881768085,
    "stop" : 1591881790026,
    "duration" : 21941
  },
  "status" : "failed",
  "severity" : "blocker"
}, {
  "uid" : "68e15d0ba93511ee",
  "name" : "chargeTypeValidationForNegative",
  "time" : {
    "start" : 1591878540475,
    "stop" : 1591878545368,
    "duration" : 4893
  },
  "status" : "passed",
  "severity" : "blocker"
}, {
  "uid" : "acdf5e29b3296264",
  "name" : "transactionFieldNegative",
  "time" : {
    "start" : 1591878620770,
    "stop" : 1591878625250,
    "duration" : 4480
  },
  "status" : "passed",
  "severity" : "blocker"
}, {
  "uid" : "491019cec60f42d4",
  "name" : "chargeTemplateDecimal",
  "time" : {
    "start" : 1591879427498,
    "stop" : 1591879439946,
    "duration" : 12448
  },
  "status" : "passed",
  "severity" : "blocker"
}, {
  "uid" : "4ae899da511790a0",
  "name" : "termLoanOrignalDateAsNegative",
  "time" : {
    "start" : 1591879150516,
    "stop" : 1591879154742,
    "duration" : 4226
  },
  "status" : "passed",
  "severity" : "blocker"
}, {
  "uid" : "c16aea7623540b12",
  "name" : "termLoanNumberWithPositiveData",
  "time" : {
    "start" : 1591879463455,
    "stop" : 1591879468098,
    "duration" : 4643
  },
  "status" : "failed",
  "severity" : "blocker"
}, {
  "uid" : "66fecb03bb8939d1",
  "name" : "oneTimeManualNegative",
  "time" : {
    "start" : 1591879763269,
    "stop" : 1591879774864,
    "duration" : 11595
  },
  "status" : "passed",
  "severity" : "blocker"
}, {
  "uid" : "7dd95434a6c23cfc",
  "name" : "chargeCodeWithNegativeDetails",
  "time" : {
    "start" : 1591878448469,
    "stop" : 1591878453038,
    "duration" : 4569
  },
  "status" : "passed",
  "severity" : "blocker"
}, {
  "uid" : "e22d56a527d78bb1",
  "name" : "periodEndDateGraceDays",
  "time" : {
    "start" : 1591881859753,
    "stop" : 1591881891512,
    "duration" : 31759
  },
  "status" : "failed",
  "severity" : "blocker"
}, {
  "uid" : "91d106503887f147",
  "name" : "chargeTypeValidationForNegative",
  "time" : {
    "start" : 1591878558496,
    "stop" : 1591878563165,
    "duration" : 4669
  },
  "status" : "passed",
  "severity" : "blocker"
}, {
  "uid" : "717b970752359c68",
  "name" : "gracedaysToZero",
  "time" : {
    "start" : 1591881826832,
    "stop" : 1591881859654,
    "duration" : 32822
  },
  "status" : "failed",
  "severity" : "blocker"
}, {
  "uid" : "d11ac5ec8c95d852",
  "name" : "termLoanDisburnsmentNegative",
  "time" : {
    "start" : 1591878665883,
    "stop" : 1591878670476,
    "duration" : 4593
  },
  "status" : "passed",
  "severity" : "blocker"
}, {
  "uid" : "120b81a8ef922bb0",
  "name" : "floatingInterestRate",
  "time" : {
    "start" : 1591882606817,
    "stop" : 1591882628523,
    "duration" : 21706
  },
  "status" : "passed",
  "severity" : "blocker"
}, {
  "uid" : "91a372dd6d6adb4a",
  "name" : "termSetup",
  "time" : {
    "start" : 1591878783349,
    "stop" : 1591878795473,
    "duration" : 12124
  },
  "status" : "passed",
  "severity" : "blocker"
}, {
  "uid" : "3a14e467073537d6",
  "name" : "oneTimeManualFeeGet",
  "time" : {
    "start" : 1591879611129,
    "stop" : 1591879640904,
    "duration" : 29775
  },
  "status" : "passed",
  "severity" : "blocker"
}, {
  "uid" : "51e585e9de1e8195",
  "name" : "chargeTypeValidationForNegative",
  "time" : {
    "start" : 1591878517744,
    "stop" : 1591878522843,
    "duration" : 5099
  },
  "status" : "passed",
  "severity" : "blocker"
}, {
  "uid" : "f6ab917171750ba2",
  "name" : "oneTimeManualFeePost",
  "time" : {
    "start" : 1591879640907,
    "stop" : 1591879652587,
    "duration" : 11680
  },
  "status" : "passed",
  "severity" : "blocker"
}, {
  "uid" : "347555cafa1746c",
  "name" : "termLoanOrignalDateAsNegative",
  "time" : {
    "start" : 1591879135880,
    "stop" : 1591879142085,
    "duration" : 6205
  },
  "status" : "passed",
  "severity" : "blocker"
}, {
  "uid" : "7b6cc99abf8dd0f6",
  "name" : "termLoanEditOperation",
  "time" : {
    "start" : 1591879295665,
    "stop" : 1591879307200,
    "duration" : 11535
  },
  "status" : "passed",
  "severity" : "blocker"
}, {
  "uid" : "1f7f15dff43a7167",
  "name" : "OnetimeValueNEgative",
  "time" : {
    "start" : 1591879491779,
    "stop" : 1591879503937,
    "duration" : 12158
  },
  "status" : "passed",
  "severity" : "blocker"
}, {
  "uid" : "107adecc1f2e12aa",
  "name" : "termLoanNameWithNegativedata",
  "time" : {
    "start" : 1591880545809,
    "stop" : 1591880559481,
    "duration" : 13672
  },
  "status" : "passed",
  "severity" : "blocker"
}, {
  "uid" : "7372a06623a8faab",
  "name" : "termLoanOrignalDateAsNegative",
  "time" : {
    "start" : 1591879198501,
    "stop" : 1591879203143,
    "duration" : 4642
  },
  "status" : "passed",
  "severity" : "blocker"
}, {
  "uid" : "68693457f01ae36d",
  "name" : "auto",
  "time" : {
    "start" : 1591881942129,
    "stop" : 1591881957005,
    "duration" : 14876
  },
  "status" : "failed",
  "severity" : "blocker"
}, {
  "uid" : "c3f61ed3f1d5403e",
  "name" : "termLoanInitialDateNegative",
  "time" : {
    "start" : 1591878894683,
    "stop" : 1591878899474,
    "duration" : 4791
  },
  "status" : "passed",
  "severity" : "blocker"
}, {
  "uid" : "6038fa95d3e5ae84",
  "name" : "termLoanOrignalDateAsNegative",
  "time" : {
    "start" : 1591879158576,
    "stop" : 1591879163307,
    "duration" : 4731
  },
  "status" : "passed",
  "severity" : "blocker"
}, {
  "uid" : "abc06d7e8420b183",
  "name" : "termSetup",
  "time" : {
    "start" : 1591878795484,
    "stop" : 1591878807646,
    "duration" : 12162
  },
  "status" : "passed",
  "severity" : "blocker"
}, {
  "uid" : "9abb2f07c1f0a28d",
  "name" : "chargeTypeValidationForNegative",
  "time" : {
    "start" : 1591878545379,
    "stop" : 1591878549460,
    "duration" : 4081
  },
  "status" : "passed",
  "severity" : "blocker"
}, {
  "uid" : "de2a5912e52c0f4a",
  "name" : "undoFunctionality",
  "time" : {
    "start" : 1591881090780,
    "stop" : 1591881125831,
    "duration" : 35051
  },
  "status" : "passed",
  "severity" : "blocker"
}, {
  "uid" : "ea301a0caf676cd7",
  "name" : "termLoanOrignalDateAsNegative",
  "time" : {
    "start" : 1591879181313,
    "stop" : 1591879185747,
    "duration" : 4434
  },
  "status" : "passed",
  "severity" : "blocker"
}, {
  "uid" : "22a694736f8b0827",
  "name" : "termLoanInitialDateNegative",
  "time" : {
    "start" : 1591878969964,
    "stop" : 1591878974673,
    "duration" : 4709
  },
  "status" : "passed",
  "severity" : "blocker"
}, {
  "uid" : "6fb960fe24320a80",
  "name" : "interestRatecodeAPI",
  "time" : {
    "start" : 1591882628527,
    "stop" : 1591882634475,
    "duration" : 5948
  },
  "status" : "passed",
  "severity" : "blocker"
}, {
  "uid" : "619c6c09ee48da4c",
  "name" : "termLoanInitialDateNegative",
  "time" : {
    "start" : 1591878862227,
    "stop" : 1591878867155,
    "duration" : 4928
  },
  "status" : "passed",
  "severity" : "blocker"
}, {
  "uid" : "900fcc5001d5b0bb",
  "name" : "undoFunctionality",
  "time" : {
    "start" : 1591881475756,
    "stop" : 1591881510993,
    "duration" : 35237
  },
  "status" : "passed",
  "severity" : "blocker"
}, {
  "uid" : "dbc413b8e612c71d",
  "name" : "termLoanInitialDateNegative",
  "time" : {
    "start" : 1591878945874,
    "stop" : 1591878951009,
    "duration" : 5135
  },
  "status" : "passed",
  "severity" : "blocker"
}, {
  "uid" : "6d78d64defebe01c",
  "name" : "chargeTypeValidationForNegative",
  "time" : {
    "start" : 1591878522861,
    "stop" : 1591878527257,
    "duration" : 4396
  },
  "status" : "passed",
  "severity" : "blocker"
}, {
  "uid" : "1fbe1b41ea865bb6",
  "name" : "termLoanInitialDateNegative",
  "time" : {
    "start" : 1591878876181,
    "stop" : 1591878881243,
    "duration" : 5062
  },
  "status" : "passed",
  "severity" : "blocker"
}, {
  "uid" : "f1aac80c7e959cb1",
  "name" : "FloatingNEgative",
  "time" : {
    "start" : 1591881969905,
    "stop" : 1591881975842,
    "duration" : 5937
  },
  "status" : "passed",
  "severity" : "blocker"
}, {
  "uid" : "da4b06d7f7ee2df",
  "name" : "latefeepenaltyValue",
  "time" : {
    "start" : 1591879579640,
    "stop" : 1591879583804,
    "duration" : 4164
  },
  "status" : "passed",
  "severity" : "blocker"
}, {
  "uid" : "f65dc81266dcb76b",
  "name" : "latefeepenalty",
  "time" : {
    "start" : 1591879575169,
    "stop" : 1591879579393,
    "duration" : 4224
  },
  "status" : "passed",
  "severity" : "blocker"
}, {
  "uid" : "569e549a0cdc7126",
  "name" : "chargeTypeValidationForNegative",
  "time" : {
    "start" : 1591878527276,
    "stop" : 1591878531754,
    "duration" : 4478
  },
  "status" : "passed",
  "severity" : "blocker"
}, {
  "uid" : "a477d7522fd8d7f4",
  "name" : "termLoanNumberWithPositiveData",
  "time" : {
    "start" : 1591879454177,
    "stop" : 1591879459139,
    "duration" : 4962
  },
  "status" : "failed",
  "severity" : "blocker"
}, {
  "uid" : "ed82e12fa0a9fccc",
  "name" : "chargeTypeValidation",
  "time" : {
    "start" : 1591878487373,
    "stop" : 1591878492460,
    "duration" : 5087
  },
  "status" : "passed",
  "severity" : "blocker"
}, {
  "uid" : "76cf8b2e01e10892",
  "name" : "reportGet",
  "time" : {
    "start" : 1591881652501,
    "stop" : 1591881657594,
    "duration" : 5093
  },
  "status" : "passed",
  "severity" : "blocker"
}, {
  "uid" : "c1f848193e9358f",
  "name" : "termLoanNameWithNegativedata",
  "time" : {
    "start" : 1591880267515,
    "stop" : 1591880282190,
    "duration" : 14675
  },
  "status" : "passed",
  "severity" : "blocker"
}, {
  "uid" : "7a90a394eae324c6",
  "name" : "termLoanDisburnsmentNegative",
  "time" : {
    "start" : 1591878731643,
    "stop" : 1591878736305,
    "duration" : 4662
  },
  "status" : "passed",
  "severity" : "blocker"
}, {
  "uid" : "c26f56c502db08ac",
  "name" : "termLoanDisburnsmentNegative",
  "time" : {
    "start" : 1591878765810,
    "stop" : 1591878770200,
    "duration" : 4390
  },
  "status" : "passed",
  "severity" : "blocker"
}, {
  "uid" : "1a3f9fe16b395ebe",
  "name" : "undoFunctionality",
  "time" : {
    "start" : 1591881404434,
    "stop" : 1591881441793,
    "duration" : 37359
  },
  "status" : "passed",
  "severity" : "blocker"
}, {
  "uid" : "7644a038971232fb",
  "name" : "termLoanOrignalDateAsNegative",
  "time" : {
    "start" : 1591879142091,
    "stop" : 1591879146300,
    "duration" : 4209
  },
  "status" : "passed",
  "severity" : "blocker"
}, {
  "uid" : "fbbc9d2abe4a662b",
  "name" : "termLoanInitialDateNegative",
  "time" : {
    "start" : 1591878931847,
    "stop" : 1591878936198,
    "duration" : 4351
  },
  "status" : "passed",
  "severity" : "blocker"
}, {
  "uid" : "ce750f3dd0482b32",
  "name" : "termLoanOrignalDateAsNegative",
  "time" : {
    "start" : 1591879071753,
    "stop" : 1591879075878,
    "duration" : 4125
  },
  "status" : "passed",
  "severity" : "blocker"
}, {
  "uid" : "5af74b3d22527d22",
  "name" : "termLoanOrignalDateAsNegative",
  "time" : {
    "start" : 1591879203157,
    "stop" : 1591879207624,
    "duration" : 4467
  },
  "status" : "passed",
  "severity" : "blocker"
}, {
  "uid" : "4df028888bdc9aa9",
  "name" : "undoFunctionality",
  "time" : {
    "start" : 1591881363597,
    "stop" : 1591881404418,
    "duration" : 40821
  },
  "status" : "passed",
  "severity" : "blocker"
}, {
  "uid" : "a6076f3e37dd6fd5",
  "name" : "termLoanInitialDateNegative",
  "time" : {
    "start" : 1591878867163,
    "stop" : 1591878871957,
    "duration" : 4794
  },
  "status" : "passed",
  "severity" : "blocker"
}, {
  "uid" : "caacdf90afabfa13",
  "name" : "termLoanEditOperation",
  "time" : {
    "start" : 1591879342733,
    "stop" : 1591879355186,
    "duration" : 12453
  },
  "status" : "passed",
  "severity" : "blocker"
}, {
  "uid" : "b566f9ab3ac51ee7",
  "name" : "termLoanNameWithNegativedata",
  "time" : {
    "start" : 1591880088268,
    "stop" : 1591880103814,
    "duration" : 15546
  },
  "status" : "passed",
  "severity" : "blocker"
}, {
  "uid" : "7b27ebdb12b343fb",
  "name" : "transactionFieldNegative",
  "time" : {
    "start" : 1591878616497,
    "stop" : 1591878620761,
    "duration" : 4264
  },
  "status" : "passed",
  "severity" : "blocker"
}, {
  "uid" : "87871066fd3a6e64",
  "name" : "termLoanInitialDateNegative",
  "time" : {
    "start" : 1591878853090,
    "stop" : 1591878857508,
    "duration" : 4418
  },
  "status" : "passed",
  "severity" : "blocker"
}, {
  "uid" : "9c4b0e02a729857e",
  "name" : "termLoanInitialDateNegative",
  "time" : {
    "start" : 1591878844017,
    "stop" : 1591878848706,
    "duration" : 4689
  },
  "status" : "passed",
  "severity" : "blocker"
}, {
  "uid" : "fc049013e0549207",
  "name" : "reportGet",
  "time" : {
    "start" : 1591881705271,
    "stop" : 1591881709433,
    "duration" : 4162
  },
  "status" : "passed",
  "severity" : "blocker"
}, {
  "uid" : "23ee5e44f80f63ba",
  "name" : "floatingInterestRate",
  "time" : {
    "start" : 1591882498083,
    "stop" : 1591882515273,
    "duration" : 17190
  },
  "status" : "passed",
  "severity" : "blocker"
}, {
  "uid" : "125ccd6874323632",
  "name" : "autoAllocationForManualFee",
  "time" : {
    "start" : 1591881957168,
    "stop" : 1591881964146,
    "duration" : 6978
  },
  "status" : "failed",
  "severity" : "blocker"
}, {
  "uid" : "9f1c525b631fd666",
  "name" : "undo",
  "time" : {
    "start" : 1591880694255,
    "stop" : 1591880724096,
    "duration" : 29841
  },
  "status" : "passed",
  "severity" : "blocker"
}, {
  "uid" : "1e7d73741dc9637b",
  "name" : "floatingInterestRate",
  "time" : {
    "start" : 1591882425995,
    "stop" : 1591882444208,
    "duration" : 18213
  },
  "status" : "passed",
  "severity" : "blocker"
}, {
  "uid" : "a0bcc93c11484b4",
  "name" : "latefeepenaltyValue",
  "time" : {
    "start" : 1591879588403,
    "stop" : 1591879592744,
    "duration" : 4341
  },
  "status" : "passed",
  "severity" : "blocker"
}, {
  "uid" : "400b6691a86095d4",
  "name" : "transactionFieldNegative",
  "time" : {
    "start" : 1591878640713,
    "stop" : 1591878645552,
    "duration" : 4839
  },
  "status" : "passed",
  "severity" : "blocker"
}, {
  "uid" : "8758cb6c41746f9c",
  "name" : "amortizationScheluePost",
  "time" : {
    "start" : 1591880627868,
    "stop" : 1591880641607,
    "duration" : 13739
  },
  "status" : "passed",
  "severity" : "blocker"
}, {
  "uid" : "aeb4c1d333b034f3",
  "name" : "transactionFieldNegative",
  "time" : {
    "start" : 1591878631343,
    "stop" : 1591878636441,
    "duration" : 5098
  },
  "status" : "passed",
  "severity" : "blocker"
}, {
  "uid" : "4e8a86a5f52b3cf1",
  "name" : "oneTimeManualNegative",
  "time" : {
    "start" : 1591879825207,
    "stop" : 1591879838346,
    "duration" : 13139
  },
  "status" : "passed",
  "severity" : "blocker"
}, {
  "uid" : "9fe291d7f482e520",
  "name" : "termLoanNameWithNegativedata",
  "time" : {
    "start" : 1591879930561,
    "stop" : 1591879944688,
    "duration" : 14127
  },
  "status" : "passed",
  "severity" : "blocker"
}, {
  "uid" : "203bb13f85285fc6",
  "name" : "termLoanNameWithNegativedata",
  "time" : {
    "start" : 1591880559485,
    "stop" : 1591880574104,
    "duration" : 14619
  },
  "status" : "passed",
  "severity" : "blocker"
}, {
  "uid" : "251313203c5b787b",
  "name" : "collateralCRUDDecimal",
  "time" : {
    "start" : 1591881571201,
    "stop" : 1591881633710,
    "duration" : 62509
  },
  "status" : "passed",
  "severity" : "blocker"
}, {
  "uid" : "1fd98702922dad6e",
  "name" : "floatingInterestRate",
  "time" : {
    "start" : 1591882515286,
    "stop" : 1591882535342,
    "duration" : 20056
  },
  "status" : "passed",
  "severity" : "blocker"
}, {
  "uid" : "b985605b19afeb00",
  "name" : "termLoanOrignalDateAsNegative",
  "time" : {
    "start" : 1591879185751,
    "stop" : 1591879189931,
    "duration" : 4180
  },
  "status" : "passed",
  "severity" : "blocker"
}, {
  "uid" : "180c85ecb9065506",
  "name" : "floatingInterestRate",
  "time" : {
    "start" : 1591882261862,
    "stop" : 1591882284262,
    "duration" : 22400
  },
  "status" : "passed",
  "severity" : "blocker"
}, {
  "uid" : "2b6fc7977e3e8676",
  "name" : "termLoanInitialDateNegative",
  "time" : {
    "start" : 1591878839765,
    "stop" : 1591878844011,
    "duration" : 4246
  },
  "status" : "passed",
  "severity" : "blocker"
}, {
  "uid" : "bc131a4340e26926",
  "name" : "termLoanNameWithNegativedata",
  "time" : {
    "start" : 1591880212016,
    "stop" : 1591880224883,
    "duration" : 12867
  },
  "status" : "passed",
  "severity" : "blocker"
}, {
  "uid" : "565ddb821a45f5a9",
  "name" : "termLoanInitialDateNegative",
  "time" : {
    "start" : 1591878936211,
    "stop" : 1591878940755,
    "duration" : 4544
  },
  "status" : "passed",
  "severity" : "blocker"
}, {
  "uid" : "4fd0cfa690bd4ec2",
  "name" : "termLoanOrignalDateAsNegative",
  "time" : {
    "start" : 1591879146307,
    "stop" : 1591879150504,
    "duration" : 4197
  },
  "status" : "passed",
  "severity" : "blocker"
}, {
  "uid" : "d2e28106b3d6845",
  "name" : "oneTimeManualNegative",
  "time" : {
    "start" : 1591879874240,
    "stop" : 1591879885692,
    "duration" : 11452
  },
  "status" : "passed",
  "severity" : "blocker"
}, {
  "uid" : "1634b36d5064e25d",
  "name" : "undoFunctionality",
  "time" : {
    "start" : 1591880921578,
    "stop" : 1591880971940,
    "duration" : 50362
  },
  "status" : "passed",
  "severity" : "blocker"
}, {
  "uid" : "c26eafb27d365125",
  "name" : "termLoanOrignalDateAsNegative",
  "time" : {
    "start" : 1591879053072,
    "stop" : 1591879057335,
    "duration" : 4263
  },
  "status" : "passed",
  "severity" : "blocker"
}, {
  "uid" : "cd340b2dfa0afde1",
  "name" : "reportGet",
  "time" : {
    "start" : 1591881639476,
    "stop" : 1591881644602,
    "duration" : 5126
  },
  "status" : "passed",
  "severity" : "blocker"
}, {
  "uid" : "42739e899d14340f",
  "name" : "termLoanDisburnsmentNegative",
  "time" : {
    "start" : 1591878690209,
    "stop" : 1591878694801,
    "duration" : 4592
  },
  "status" : "passed",
  "severity" : "blocker"
}, {
  "uid" : "137516969467d05c",
  "name" : "chargeTypeValidationForNegative",
  "time" : {
    "start" : 1591878577259,
    "stop" : 1591878582318,
    "duration" : 5059
  },
  "status" : "passed",
  "severity" : "blocker"
}, {
  "uid" : "7977250b304db5",
  "name" : "oneTimeManualNegative",
  "time" : {
    "start" : 1591879862325,
    "stop" : 1591879874225,
    "duration" : 11900
  },
  "status" : "passed",
  "severity" : "blocker"
}, {
  "uid" : "f915f31737357d09",
  "name" : "termLoanDisburnsmentNegative",
  "time" : {
    "start" : 1591878670480,
    "stop" : 1591878675482,
    "duration" : 5002
  },
  "status" : "passed",
  "severity" : "blocker"
}, {
  "uid" : "c8de620dc639495d",
  "name" : "termLoanNameWithNegativedata",
  "time" : {
    "start" : 1591879944691,
    "stop" : 1591879960241,
    "duration" : 15550
  },
  "status" : "passed",
  "severity" : "blocker"
}, {
  "uid" : "f9de38e21889e137",
  "name" : "floatingInterestRate",
  "time" : {
    "start" : 1591882535345,
    "stop" : 1591882553365,
    "duration" : 18020
  },
  "status" : "passed",
  "severity" : "blocker"
}, {
  "uid" : "f698355138243895",
  "name" : "termLoanOrignalDateAsNegative",
  "time" : {
    "start" : 1591879113675,
    "stop" : 1591879117521,
    "duration" : 3846
  },
  "status" : "passed",
  "severity" : "blocker"
}, {
  "uid" : "1c84d617a72044bb",
  "name" : "termLoanDisburnsmentNegative",
  "time" : {
    "start" : 1591878727335,
    "stop" : 1591878731637,
    "duration" : 4302
  },
  "status" : "passed",
  "severity" : "blocker"
}, {
  "uid" : "12a98df813d5e2ee",
  "name" : "amortizationScheluePutUPdateRegularDate",
  "time" : {
    "start" : 1591880641614,
    "stop" : 1591880662101,
    "duration" : 20487
  },
  "status" : "passed",
  "severity" : "blocker"
}, {
  "uid" : "501142afedf9ec70",
  "name" : "periodEndDateGraceDayschanges",
  "time" : {
    "start" : 1591881891646,
    "stop" : 1591881941849,
    "duration" : 50203
  },
  "status" : "failed",
  "severity" : "blocker"
}, {
  "uid" : "d1ae83bb79ff0fab",
  "name" : "oneTimeManualNegative",
  "time" : {
    "start" : 1591879786479,
    "stop" : 1591879800586,
    "duration" : 14107
  },
  "status" : "passed",
  "severity" : "blocker"
}, {
  "uid" : "1c9644755373099d",
  "name" : "transactionFieldNegative",
  "time" : {
    "start" : 1591878650539,
    "stop" : 1591878655641,
    "duration" : 5102
  },
  "status" : "passed",
  "severity" : "blocker"
}, {
  "uid" : "1fa9261900d6769",
  "name" : "termLoanDisburnsmentNegative",
  "time" : {
    "start" : 1591878704089,
    "stop" : 1591878708551,
    "duration" : 4462
  },
  "status" : "passed",
  "severity" : "blocker"
}, {
  "uid" : "187094a03dffe1de",
  "name" : "termLoanNameWithNegativedata",
  "time" : {
    "start" : 1591880311478,
    "stop" : 1591880326088,
    "duration" : 14610
  },
  "status" : "passed",
  "severity" : "blocker"
}, {
  "uid" : "877b9181e6b232e9",
  "name" : "termLoanEditOperation",
  "time" : {
    "start" : 1591879269297,
    "stop" : 1591879282976,
    "duration" : 13679
  },
  "status" : "passed",
  "severity" : "blocker"
}, {
  "uid" : "4b3c7dc7d18a23b6",
  "name" : "termLoanDisburnsmentNegative",
  "time" : {
    "start" : 1591878756229,
    "stop" : 1591878761238,
    "duration" : 5009
  },
  "status" : "passed",
  "severity" : "blocker"
}, {
  "uid" : "7fa2d96413835e14",
  "name" : "termLoanInitialDateNegative",
  "time" : {
    "start" : 1591878956072,
    "stop" : 1591878960578,
    "duration" : 4506
  },
  "status" : "passed",
  "severity" : "blocker"
}, {
  "uid" : "78fde74dae6afc97",
  "name" : "termLoanInitialDateNegative",
  "time" : {
    "start" : 1591878881252,
    "stop" : 1591878885810,
    "duration" : 4558
  },
  "status" : "passed",
  "severity" : "blocker"
}, {
  "uid" : "661d941e92c66b9b",
  "name" : "undoFunctionality",
  "time" : {
    "start" : 1591881055562,
    "stop" : 1591881090765,
    "duration" : 35203
  },
  "status" : "passed",
  "severity" : "blocker"
}, {
  "uid" : "f3d93d8d9e447b77",
  "name" : "chargeTypeValidationForNegative",
  "time" : {
    "start" : 1591878573123,
    "stop" : 1591878577242,
    "duration" : 4119
  },
  "status" : "passed",
  "severity" : "blocker"
}, {
  "uid" : "41978a84694acd66",
  "name" : "termLoanDisburnsmentNegative",
  "time" : {
    "start" : 1591878685101,
    "stop" : 1591878690203,
    "duration" : 5102
  },
  "status" : "passed",
  "severity" : "blocker"
}, {
  "uid" : "ddd90173142a0c39",
  "name" : "reportGet",
  "time" : {
    "start" : 1591881675238,
    "stop" : 1591881680126,
    "duration" : 4888
  },
  "status" : "passed",
  "severity" : "blocker"
}, {
  "uid" : "669f8dee7bb00b1",
  "name" : "termLoanNameWithNegativedata",
  "time" : {
    "start" : 1591880411835,
    "stop" : 1591880424407,
    "duration" : 12572
  },
  "status" : "passed",
  "severity" : "blocker"
}, {
  "uid" : "4fb9a7e14eabd6d8",
  "name" : "chargeTypeValidationForNegative",
  "time" : {
    "start" : 1591878531769,
    "stop" : 1591878536052,
    "duration" : 4283
  },
  "status" : "passed",
  "severity" : "blocker"
}, {
  "uid" : "3293b957cebcbf3d",
  "name" : "termLoanInitialDateNegative",
  "time" : {
    "start" : 1591878899488,
    "stop" : 1591878904030,
    "duration" : 4542
  },
  "status" : "passed",
  "severity" : "blocker"
}, {
  "uid" : "6fe427c9c8120f2a",
  "name" : "termLoanOrignalDateAsNegative",
  "time" : {
    "start" : 1591879040165,
    "stop" : 1591879044383,
    "duration" : 4218
  },
  "status" : "passed",
  "severity" : "blocker"
}, {
  "uid" : "51971aa3fb66b82d",
  "name" : "transactionFieldNegative",
  "time" : {
    "start" : 1591878611770,
    "stop" : 1591878616484,
    "duration" : 4714
  },
  "status" : "passed",
  "severity" : "blocker"
}, {
  "uid" : "21164b2b755242e1",
  "name" : "floating",
  "time" : {
    "start" : 1591881983219,
    "stop" : 1591881992740,
    "duration" : 9521
  },
  "status" : "passed",
  "severity" : "blocker"
}, {
  "uid" : "99020b7d080d4893",
  "name" : "termLoanEditOperation",
  "time" : {
    "start" : 1591879307203,
    "stop" : 1591879318694,
    "duration" : 11491
  },
  "status" : "passed",
  "severity" : "blocker"
}, {
  "uid" : "eea284917fa3dcea",
  "name" : "chargeCodeWithNegativeDetails",
  "time" : {
    "start" : 1591878444099,
    "stop" : 1591878448450,
    "duration" : 4351
  },
  "status" : "passed",
  "severity" : "blocker"
}, {
  "uid" : "3948cc2f5e5063a7",
  "name" : "termLoanNameWithNegativedata",
  "time" : {
    "start" : 1591880518838,
    "stop" : 1591880531679,
    "duration" : 12841
  },
  "status" : "passed",
  "severity" : "blocker"
}, {
  "uid" : "4a052f77ae55df1a",
  "name" : "termLoanOrignalDateAsNegative",
  "time" : {
    "start" : 1591879066838,
    "stop" : 1591879071740,
    "duration" : 4902
  },
  "status" : "passed",
  "severity" : "blocker"
}, {
  "uid" : "10301fe90430f7eb",
  "name" : "chargeTypeValidationForNegative",
  "time" : {
    "start" : 1591878568313,
    "stop" : 1591878573119,
    "duration" : 4806
  },
  "status" : "passed",
  "severity" : "blocker"
}, {
  "uid" : "aa2bb1106901a71f",
  "name" : "OnetimeValueNEgative",
  "time" : {
    "start" : 1591879540096,
    "stop" : 1591879552434,
    "duration" : 12338
  },
  "status" : "passed",
  "severity" : "blocker"
}, {
  "uid" : "e0a6640a65b562c0",
  "name" : "floatingInterestRate",
  "time" : {
    "start" : 1591881993257,
    "stop" : 1591882010611,
    "duration" : 17354
  },
  "status" : "passed",
  "severity" : "blocker"
}, {
  "uid" : "6596513a1106bceb",
  "name" : "termLoanNameWithNegativedata",
  "time" : {
    "start" : 1591880296226,
    "stop" : 1591880311475,
    "duration" : 15249
  },
  "status" : "passed",
  "severity" : "blocker"
}, {
  "uid" : "3bb6643bff744afa",
  "name" : "termLoanNameWithNegativedata",
  "time" : {
    "start" : 1591880396577,
    "stop" : 1591880411826,
    "duration" : 15249
  },
  "status" : "passed",
  "severity" : "blocker"
}, {
  "uid" : "e4009d3e72b8a684",
  "name" : "oneTimeManualNegative",
  "time" : {
    "start" : 1591879738381,
    "stop" : 1591879750351,
    "duration" : 11970
  },
  "status" : "passed",
  "severity" : "blocker"
}, {
  "uid" : "91e3243f15bde102",
  "name" : "termLoanOrignalDateAsNegative",
  "time" : {
    "start" : 1591879172846,
    "stop" : 1591879176665,
    "duration" : 3819
  },
  "status" : "passed",
  "severity" : "blocker"
}, {
  "uid" : "eaa3416812dae3f9",
  "name" : "undoFunctionality",
  "time" : {
    "start" : 1591881252800,
    "stop" : 1591881289541,
    "duration" : 36741
  },
  "status" : "passed",
  "severity" : "blocker"
}, {
  "uid" : "7e5582c1a808ce9d",
  "name" : "chargeCodeWithNegativeDetails",
  "time" : {
    "start" : 1591878476135,
    "stop" : 1591878481289,
    "duration" : 5154
  },
  "status" : "passed",
  "severity" : "blocker"
}, {
  "uid" : "d18f434b8c58e6c2",
  "name" : "floatingInterestRate",
  "time" : {
    "start" : 1591882461617,
    "stop" : 1591882478821,
    "duration" : 17204
  },
  "status" : "passed",
  "severity" : "blocker"
}, {
  "uid" : "82909bfe58b84bd1",
  "name" : "termLoanOrignalDateAsNegative",
  "time" : {
    "start" : 1591879167960,
    "stop" : 1591879172822,
    "duration" : 4862
  },
  "status" : "passed",
  "severity" : "blocker"
}, {
  "uid" : "3a003c0b4dd7353e",
  "name" : "termLoanInitialDateNegative",
  "time" : {
    "start" : 1591878908760,
    "stop" : 1591878912990,
    "duration" : 4230
  },
  "status" : "passed",
  "severity" : "blocker"
}, {
  "uid" : "76bd2746b14a7e78",
  "name" : "floatingInterestRate",
  "time" : {
    "start" : 1591882066249,
    "stop" : 1591882120816,
    "duration" : 54567
  },
  "status" : "passed",
  "severity" : "blocker"
}, {
  "uid" : "47fd15bd76ea2ac2",
  "name" : "floatingInterestRate",
  "time" : {
    "start" : 1591882284277,
    "stop" : 1591882300390,
    "duration" : 16113
  },
  "status" : "passed",
  "severity" : "blocker"
}, {
  "uid" : "a67de2f92dff01da",
  "name" : "undoFunctionality",
  "time" : {
    "start" : 1591880866379,
    "stop" : 1591880921561,
    "duration" : 55182
  },
  "status" : "passed",
  "severity" : "blocker"
}, {
  "uid" : "fb860f4b5961866b",
  "name" : "termLoanNameWithNegativedata",
  "time" : {
    "start" : 1591880340055,
    "stop" : 1591880355468,
    "duration" : 15413
  },
  "status" : "passed",
  "severity" : "blocker"
}, {
  "uid" : "153a18347ba0e501",
  "name" : "termLoanEditOperation",
  "time" : {
    "start" : 1591879233987,
    "stop" : 1591879245849,
    "duration" : 11862
  },
  "status" : "passed",
  "severity" : "blocker"
}, {
  "uid" : "1a5a821fc405085",
  "name" : "termLoanEditOperation",
  "time" : {
    "start" : 1591879282981,
    "stop" : 1591879295661,
    "duration" : 12680
  },
  "status" : "passed",
  "severity" : "blocker"
}, {
  "uid" : "82ec4184316c9e6e",
  "name" : "termLoanNameWithNegativedata",
  "time" : {
    "start" : 1591880018831,
    "stop" : 1591880032482,
    "duration" : 13651
  },
  "status" : "passed",
  "severity" : "blocker"
}, {
  "uid" : "dc07fae628463867",
  "name" : "floatingInterestRate",
  "time" : {
    "start" : 1591882120823,
    "stop" : 1591882140750,
    "duration" : 19927
  },
  "status" : "passed",
  "severity" : "blocker"
}, {
  "uid" : "73492247b4bdd562",
  "name" : "reportGet",
  "time" : {
    "start" : 1591881684372,
    "stop" : 1591881688946,
    "duration" : 4574
  },
  "status" : "passed",
  "severity" : "blocker"
}, {
  "uid" : "52a490631f0031d3",
  "name" : "termLoanNameWithNegativedata",
  "time" : {
    "start" : 1591880238981,
    "stop" : 1591880252945,
    "duration" : 13964
  },
  "status" : "passed",
  "severity" : "blocker"
}, {
  "uid" : "179c0f37b0d60f7e",
  "name" : "undoFunctionality",
  "time" : {
    "start" : 1591881016998,
    "stop" : 1591881055547,
    "duration" : 38549
  },
  "status" : "passed",
  "severity" : "blocker"
}, {
  "uid" : "4c032bdbdb237fce",
  "name" : "undoFunctionality",
  "time" : {
    "start" : 1591880971956,
    "stop" : 1591881016994,
    "duration" : 45038
  },
  "status" : "passed",
  "severity" : "blocker"
}, {
  "uid" : "5638f86d06ce8ec8",
  "name" : "chargeTypeValidationForNegative",
  "time" : {
    "start" : 1591878508399,
    "stop" : 1591878513035,
    "duration" : 4636
  },
  "status" : "passed",
  "severity" : "blocker"
}, {
  "uid" : "6038c9e51d2adb69",
  "name" : "reportGet",
  "time" : {
    "start" : 1591881657605,
    "stop" : 1591881661634,
    "duration" : 4029
  },
  "status" : "passed",
  "severity" : "blocker"
}, {
  "uid" : "c7e9ae538627cc46",
  "name" : "termLoanInitialDateNegative",
  "time" : {
    "start" : 1591878960599,
    "stop" : 1591878965392,
    "duration" : 4793
  },
  "status" : "passed",
  "severity" : "blocker"
}, {
  "uid" : "c04afe5d4ae51b1e",
  "name" : "termLoanOrignalDateAsNegative",
  "time" : {
    "start" : 1591879085156,
    "stop" : 1591879090189,
    "duration" : 5033
  },
  "status" : "passed",
  "severity" : "blocker"
}, {
  "uid" : "a6132487f0af179",
  "name" : "chargeTypeValidationForNegative",
  "time" : {
    "start" : 1591878536073,
    "stop" : 1591878540454,
    "duration" : 4381
  },
  "status" : "passed",
  "severity" : "blocker"
} ]